-- phpMyAdmin SQL Dump
-- version 5.2.0
-- https://www.phpmyadmin.net/
--
-- Host: 127.0.0.1
-- Generation Time: Oct 01, 2024 at 03:33 PM
-- Server version: 10.4.27-MariaDB
-- PHP Version: 8.0.25

SET SQL_MODE = "NO_AUTO_VALUE_ON_ZERO";
START TRANSACTION;
SET time_zone = "+00:00";


/*!40101 SET @OLD_CHARACTER_SET_CLIENT=@@CHARACTER_SET_CLIENT */;
/*!40101 SET @OLD_CHARACTER_SET_RESULTS=@@CHARACTER_SET_RESULTS */;
/*!40101 SET @OLD_COLLATION_CONNECTION=@@COLLATION_CONNECTION */;
/*!40101 SET NAMES utf8mb4 */;

--
-- Database: `cos40006-g1b`
--

-- --------------------------------------------------------

--
-- Table structure for table `anomaly`
--

DROP TABLE IF EXISTS `anomaly`;
CREATE TABLE `anomaly` (
  `anomaly_id` int(11) NOT NULL,
  `camera_id` int(11) NOT NULL,
  `date` date NOT NULL,
  `time` time NOT NULL,
  `duration` int(11) NOT NULL,
  `participant` int(11) NOT NULL,
  `warning` tinyint(1) NOT NULL,
  `evidence_path` int(11) DEFAULT NULL
) ENGINE=InnoDB DEFAULT CHARSET=utf8mb4 COLLATE=utf8mb4_general_ci;

--
-- Dumping data for table `anomaly`
--

INSERT INTO `anomaly` (`anomaly_id`, `camera_id`, `date`, `time`, `duration`, `participant`, `warning`, `evidence_path`) VALUES
(1, 2, '2024-07-02', '11:33:00', 3, 5, 0, 0),
(2, 5, '2024-07-08', '04:22:00', 58, 1, 0, 0),
(3, 2, '2024-07-30', '11:20:00', 2, 4, 0, 0),
(4, 8, '2024-07-28', '06:26:00', 72, 1, 1, 0),
(5, 4, '2024-08-09', '09:37:00', 49, 5, 1, 0),
(6, 8, '2024-09-01', '10:38:00', 6, 4, 0, 0),
(7, 2, '2024-07-15', '12:58:00', 93, 5, 1, 0),
(8, 6, '2024-09-11', '12:19:00', 98, 3, 1, 0),
(9, 8, '2024-07-07', '08:24:00', 11, 3, 1, 0),
(10, 8, '2024-09-24', '07:24:00', 21, 4, 1, 0),
(11, 6, '2024-08-06', '07:02:00', 73, 3, 0, 0),
(12, 4, '2024-08-14', '08:43:00', 25, 4, 1, 0),
(13, 5, '2024-09-19', '10:52:00', 66, 5, 0, 0),
(14, 4, '2024-09-20', '10:31:00', 29, 3, 0, 0),
(15, 4, '2024-09-07', '02:51:00', 4, 2, 0, 0),
(16, 2, '2024-07-21', '05:15:00', 63, 1, 1, 0),
(17, 3, '2024-08-14', '04:15:00', 65, 3, 0, 0),
(18, 8, '2024-09-01', '09:57:00', 60, 4, 1, 0),
(19, 6, '2024-09-09', '04:03:00', 32, 4, 0, 0),
(20, 3, '2024-09-08', '08:08:00', 82, 1, 0, 0),
(21, 7, '2024-08-08', '08:41:00', 10, 3, 0, 0),
(22, 6, '2024-09-10', '06:52:00', 28, 1, 1, 0),
(23, 6, '2024-09-26', '05:26:00', 85, 5, 1, 0),
(24, 3, '2024-08-07', '11:00:00', 76, 2, 0, 0),
(25, 3, '2024-07-10', '04:02:00', 45, 1, 0, 0),
(26, 8, '2024-07-18', '04:20:00', 46, 3, 1, 0),
(27, 8, '2024-08-23', '06:31:00', 28, 5, 1, 0),
(28, 7, '2024-07-19', '12:04:00', 13, 5, 0, 0),
(29, 3, '2024-07-25', '04:29:00', 83, 2, 1, 0),
(30, 7, '2024-07-21', '12:58:00', 77, 5, 1, 0),
(31, 4, '2024-09-03', '07:22:00', 41, 5, 1, 0),
(32, 4, '2024-07-29', '02:52:00', 89, 5, 1, 0),
(33, 6, '2024-09-29', '03:05:00', 18, 4, 1, 0),
(34, 3, '2024-07-26', '05:22:00', 62, 5, 0, 0),
(35, 7, '2024-08-18', '05:43:00', 69, 3, 0, 0),
(36, 8, '2024-07-13', '06:30:00', 93, 5, 1, 0),
(37, 3, '2024-08-13', '11:45:00', 86, 3, 0, 0),
(38, 8, '2024-08-18', '03:02:00', 8, 2, 0, 0),
(39, 8, '2024-07-23', '12:04:00', 51, 2, 0, 0),
(40, 7, '2024-09-10', '05:42:00', 42, 1, 1, 0),
(41, 2, '2024-07-08', '04:15:00', 91, 4, 1, 0),
(42, 7, '2024-09-14', '04:42:00', 33, 1, 0, 0),
(43, 7, '2024-08-18', '09:30:00', 81, 1, 0, 0),
(44, 4, '2024-07-19', '04:27:00', 49, 3, 0, 0),
(45, 5, '2024-08-23', '11:40:00', 39, 2, 0, 0),
(46, 8, '2024-07-08', '01:30:00', 16, 5, 1, 0),
(47, 4, '2024-08-19', '01:15:00', 53, 3, 1, 0),
(48, 3, '2024-08-23', '06:44:00', 14, 4, 1, 0),
(49, 8, '2024-08-31', '07:48:00', 84, 2, 0, 0),
(50, 3, '2024-07-13', '01:14:00', 18, 2, 1, 0),
(51, 7, '2024-08-01', '12:06:00', 23, 1, 1, 0),
(52, 8, '2024-07-18', '10:02:00', 23, 2, 1, 0),
(53, 6, '2024-08-28', '10:39:00', 59, 2, 1, 0),
(54, 7, '2024-07-16', '08:32:00', 47, 3, 1, 0),
(55, 5, '2024-08-14', '01:16:00', 42, 4, 1, 0),
(56, 3, '2024-07-02', '12:59:00', 94, 4, 0, 0),
(57, 8, '2024-07-27', '03:15:00', 35, 5, 0, 0),
(58, 3, '2024-08-04', '07:33:00', 37, 3, 1, 0),
(59, 4, '2024-07-25', '12:24:00', 37, 3, 0, 0),
(60, 8, '2024-07-13', '03:26:00', 79, 5, 1, 0),
(61, 2, '2024-08-17', '04:44:00', 100, 4, 0, 0),
(62, 6, '2024-08-25', '10:10:00', 48, 5, 1, 0),
(63, 5, '2024-09-02', '05:32:00', 4, 2, 1, 0),
(64, 4, '2024-07-20', '10:22:00', 17, 4, 0, 0),
(65, 7, '2024-07-17', '11:44:00', 39, 4, 0, 0),
(66, 7, '2024-08-10', '09:10:00', 85, 4, 1, 0),
(67, 1, '2024-08-23', '01:55:00', 14, 1, 0, 0),
(68, 6, '2024-07-22', '09:05:00', 5, 5, 1, 0),
(69, 4, '2024-09-08', '05:52:00', 17, 4, 0, 0),
(70, 7, '2024-09-09', '05:43:00', 87, 3, 0, 0),
(71, 7, '2024-07-29', '12:12:00', 86, 5, 1, 0),
(72, 5, '2024-09-22', '03:32:00', 43, 3, 0, 0),
(73, 3, '2024-07-03', '12:21:00', 69, 3, 0, 0),
(74, 3, '2024-08-08', '05:48:00', 62, 4, 0, 0),
(75, 6, '2024-08-07', '09:34:00', 22, 5, 1, 0),
(76, 1, '2024-08-02', '01:03:00', 23, 2, 1, 0),
(77, 1, '2024-09-03', '10:07:00', 26, 5, 1, 0),
(78, 4, '2024-07-18', '03:13:00', 36, 5, 1, 0),
(79, 1, '2024-09-17', '12:46:00', 49, 4, 0, 0),
(80, 3, '2024-09-20', '02:18:00', 81, 3, 1, 0),
(81, 6, '2024-08-18', '04:58:00', 65, 2, 1, 0),
(82, 7, '2024-08-01', '03:31:00', 91, 1, 0, 0),
(83, 6, '2024-09-18', '03:32:00', 62, 2, 1, 0),
(84, 7, '2024-07-12', '02:42:00', 45, 3, 0, 0),
(85, 3, '2024-07-26', '02:36:00', 79, 5, 1, 0),
(86, 4, '2024-07-17', '04:02:00', 76, 5, 0, 0),
(87, 5, '2024-07-11', '02:52:00', 45, 3, 0, 0),
(88, 2, '2024-09-28', '11:17:00', 87, 4, 1, 0),
(89, 4, '2024-07-08', '05:09:00', 46, 4, 1, 0),
(90, 1, '2024-08-26', '06:52:00', 49, 3, 1, 0),
(91, 6, '2024-08-20', '04:01:00', 26, 4, 1, 0),
(92, 3, '2024-08-11', '01:45:00', 25, 1, 1, 0),
(93, 5, '2024-07-21', '05:44:00', 83, 3, 0, 0),
(94, 7, '2024-08-14', '03:31:00', 52, 4, 1, 0),
(95, 6, '2024-09-13', '12:26:00', 64, 2, 0, 0),
(96, 2, '2024-09-14', '10:25:00', 4, 5, 1, 0),
(97, 2, '2024-07-30', '04:31:00', 48, 2, 1, 0),
(98, 4, '2024-09-23', '02:56:00', 50, 5, 1, 0),
(99, 5, '2024-08-30', '02:26:00', 34, 1, 0, 0),
(100, 0, '0000-00-00', '00:00:00', 0, 0, 0, 0);

-- --------------------------------------------------------

--
-- Table structure for table `camera`
--

DROP TABLE IF EXISTS `camera`;
CREATE TABLE `camera` (
  `camera_id` int(11) NOT NULL,
  `user_id` int(11) NOT NULL,
  `name` varchar(25) NOT NULL,
  `area` varchar(25) NOT NULL
) ENGINE=InnoDB DEFAULT CHARSET=utf8mb4 COLLATE=utf8mb4_general_ci;

--
-- Dumping data for table `camera`
--

INSERT INTO `camera` (`camera_id`, `user_id`, `name`, `area`) VALUES
(1, 1, 'Cam 1.1', 'Floor 1'),
(2, 1, 'Cam 1.2', 'Floor 1'),
(3, 1, 'Cam 1.3', 'Floor 2'),
(4, 1, 'Cam 1.4', 'Floor 2'),
(5, 2, 'Cam 5', 'Floor 3'),
(6, 2, 'Cam 6', 'Floor 3'),
(7, 2, 'Cam 7', 'Floor 3'),
(8, 2, 'Cam 8', 'Floor 4');

-- --------------------------------------------------------

--
-- Table structure for table `user`
--

DROP TABLE IF EXISTS `user`;
CREATE TABLE `user` (
  `user_id` int(11) NOT NULL,
  `user_name` varchar(25) NOT NULL,
  `email` varchar(50) NOT NULL,
  `password` varchar(25) NOT NULL
) ENGINE=InnoDB DEFAULT CHARSET=utf8mb4 COLLATE=utf8mb4_general_ci;

--
-- Dumping data for table `user`
--

INSERT INTO `user` (`user_id`, `user_name`, `email`, `password`) VALUES
(1, 'LongNgd', 'long@gmail.com', 'long@123'),
(2, 'Minh', 'minh@gmail.com', 'minh@123');

--
-- Indexes for dumped tables
--

--
-- Indexes for table `anomaly`
--
ALTER TABLE `anomaly`
  ADD PRIMARY KEY (`anomaly_id`);

--
-- Indexes for table `camera`
--
ALTER TABLE `camera`
  ADD PRIMARY KEY (`camera_id`);

--
-- Indexes for table `user`
--
ALTER TABLE `user`
  ADD PRIMARY KEY (`user_id`);

--
-- AUTO_INCREMENT for dumped tables
--

--
-- AUTO_INCREMENT for table `anomaly`
--
ALTER TABLE `anomaly`
  MODIFY `anomaly_id` int(11) NOT NULL AUTO_INCREMENT, AUTO_INCREMENT=101;

--
-- AUTO_INCREMENT for table `camera`
--
ALTER TABLE `camera`
  MODIFY `camera_id` int(11) NOT NULL AUTO_INCREMENT, AUTO_INCREMENT=9;

--
-- AUTO_INCREMENT for table `user`
--
ALTER TABLE `user`
  MODIFY `user_id` int(11) NOT NULL AUTO_INCREMENT, AUTO_INCREMENT=5;
COMMIT;

/*!40101 SET CHARACTER_SET_CLIENT=@OLD_CHARACTER_SET_CLIENT */;
/*!40101 SET CHARACTER_SET_RESULTS=@OLD_CHARACTER_SET_RESULTS */;
/*!40101 SET COLLATION_CONNECTION=@OLD_COLLATION_CONNECTION */;
