-- phpMyAdmin SQL Dump
-- version 5.2.0
-- https://www.phpmyadmin.net/
--
-- Host: 127.0.0.1
-- Generation Time: Sep 30, 2024 at 10:10 AM
-- Server version: 10.4.27-MariaDB
-- PHP Version: 8.0.25

SET SQL_MODE = "NO_AUTO_VALUE_ON_ZERO";
START TRANSACTION;
SET time_zone = "+00:00";


/*!40101 SET @OLD_CHARACTER_SET_CLIENT=@@CHARACTER_SET_CLIENT */;
/*!40101 SET @OLD_CHARACTER_SET_RESULTS=@@CHARACTER_SET_RESULTS */;
/*!40101 SET @OLD_COLLATION_CONNECTION=@@COLLATION_CONNECTION */;
/*!40101 SET NAMES utf8mb4 */;

--
-- Database: `cos40006-g1b`
--

-- --------------------------------------------------------

--
-- Table structure for table `anomaly`
--

DROP TABLE IF EXISTS `anomaly`;
CREATE TABLE `anomaly` (
  `anomaly_id` int(11) NOT NULL,
  `camera_id` int(11) NOT NULL,
  `date` date DEFAULT NULL,
  `duration` int(11) NOT NULL,
  `participant` int(11) NOT NULL,
  `warning_time` int(11) NOT NULL DEFAULT 0,
  `evidence_path` int(11) DEFAULT NULL,
  `time` time DEFAULT NULL
) ENGINE=InnoDB DEFAULT CHARSET=utf8mb4 COLLATE=utf8mb4_general_ci;

--
-- Dumping data for table `anomaly`
--

INSERT INTO `anomaly` (`anomaly_id`, `camera_id`, `date`, `duration`, `participant`, `warning_time`, `evidence_path`, `time`) VALUES
(1, 2, '2024-07-02', 3, 5, 10, 0, '11:33:00'),
(2, 5, '2024-07-08', 58, 1, 13, 0, '04:22:00'),
(3, 2, '2024-07-30', 2, 4, 21, 0, '11:20:00'),
(4, 8, '2024-07-28', 72, 1, 9, 0, '06:26:00'),
(5, 4, '2024-08-09', 49, 5, 28, 0, '09:37:00'),
(6, 8, '2024-09-01', 6, 4, 14, 0, '10:38:00'),
(7, 2, '2024-07-15', 93, 5, 0, 0, '12:58:00'),
(8, 6, '2024-09-11', 98, 3, 20, 0, '12:19:00'),
(9, 8, '2024-07-07', 11, 3, 8, 0, '08:24:00'),
(10, 8, '2024-09-24', 21, 4, 18, 0, '07:24:00'),
(11, 6, '2024-08-06', 73, 3, 0, 0, '07:02:00'),
(12, 4, '2024-08-14', 25, 4, 13, 0, '08:43:00'),
(13, 5, '2024-09-19', 66, 5, 8, 0, '10:52:00'),
(14, 4, '2024-09-20', 29, 3, 0, 0, '10:31:00'),
(15, 4, '2024-09-07', 4, 2, 0, 0, '02:51:00'),
(16, 2, '2024-07-21', 63, 1, 0, 0, '05:15:00'),
(17, 3, '2024-08-14', 65, 3, 23, 0, '04:15:00'),
(18, 8, '2024-09-01', 60, 4, 6, 0, '09:57:00'),
(19, 6, '2024-09-09', 32, 4, 29, 0, '04:03:00'),
(20, 3, '2024-09-08', 82, 1, 15, 0, '08:08:00'),
(21, 7, '2024-08-08', 10, 3, 20, 0, '08:41:00'),
(22, 6, '2024-09-10', 28, 1, 0, 0, '06:52:00'),
(23, 6, '2024-09-26', 85, 5, 30, 0, '05:26:00'),
(24, 3, '2024-08-07', 76, 2, 16, 0, '11:00:00'),
(25, 3, '2024-07-10', 45, 1, 29, 0, '04:02:00'),
(26, 8, '2024-07-18', 46, 3, 0, 0, '04:20:00'),
(27, 8, '2024-08-23', 28, 5, 0, 0, '06:31:00'),
(28, 7, '2024-07-19', 13, 5, 27, 0, '12:04:00'),
(29, 3, '2024-07-25', 83, 2, 11, 0, '04:29:00'),
(30, 7, '2024-07-21', 77, 5, 27, 0, '12:58:00'),
(31, 4, '2024-09-03', 41, 5, 0, 0, '07:22:00'),
(32, 4, '2024-07-29', 89, 5, 7, 0, '02:52:00'),
(33, 6, '2024-09-29', 18, 4, 0, 0, '03:05:00'),
(34, 3, '2024-07-26', 62, 5, 8, 0, '05:22:00'),
(35, 7, '2024-08-18', 69, 3, 19, 0, '05:43:00'),
(36, 8, '2024-07-13', 93, 5, 0, 0, '06:30:00'),
(37, 3, '2024-08-13', 86, 3, 0, 0, '11:45:00'),
(38, 8, '2024-08-18', 8, 2, 19, 0, '03:02:00'),
(39, 8, '2024-07-23', 51, 2, 20, 0, '12:04:00'),
(40, 7, '2024-09-10', 42, 1, 6, 0, '05:42:00'),
(41, 2, '2024-07-08', 91, 4, 20, 0, '04:15:00'),
(42, 7, '2024-09-14', 33, 1, 25, 0, '04:42:00'),
(43, 7, '2024-08-18', 81, 1, 14, 0, '09:30:00'),
(44, 4, '2024-07-19', 49, 3, 0, 0, '04:27:00'),
(45, 5, '2024-08-23', 39, 2, 10, 0, '11:40:00'),
(46, 8, '2024-07-08', 16, 5, 0, 0, '01:30:00'),
(47, 4, '2024-08-19', 53, 3, 20, 0, '01:15:00'),
(48, 3, '2024-08-23', 14, 4, 14, 0, '06:44:00'),
(49, 8, '2024-08-31', 84, 2, 5, 0, '07:48:00'),
(50, 3, '2024-07-13', 18, 2, 30, 0, '01:14:00'),
(51, 7, '2024-08-01', 23, 1, 11, 0, '12:06:00'),
(52, 8, '2024-07-18', 23, 2, 15, 0, '10:02:00'),
(53, 6, '2024-08-28', 59, 2, 16, 0, '10:39:00'),
(54, 7, '2024-07-16', 47, 3, 19, 0, '08:32:00'),
(55, 5, '2024-08-14', 42, 4, 0, 0, '01:16:00'),
(56, 3, '2024-07-02', 94, 4, 18, 0, '12:59:00'),
(57, 8, '2024-07-27', 35, 5, 15, 0, '03:15:00'),
(58, 3, '2024-08-04', 37, 3, 20, 0, '07:33:00'),
(59, 4, '2024-07-25', 37, 3, 26, 0, '12:24:00'),
(60, 8, '2024-07-13', 79, 5, 22, 0, '03:26:00'),
(61, 2, '2024-08-17', 100, 4, 24, 0, '04:44:00'),
(62, 6, '2024-08-25', 48, 5, 22, 0, '10:10:00'),
(63, 5, '2024-09-02', 4, 2, 27, 0, '05:32:00'),
(64, 4, '2024-07-20', 17, 4, 6, 0, '10:22:00'),
(65, 7, '2024-07-17', 39, 4, 30, 0, '11:44:00'),
(66, 7, '2024-08-10', 85, 4, 12, 0, '09:10:00'),
(67, 1, '2024-08-23', 14, 1, 20, 0, '01:55:00'),
(68, 6, '2024-07-22', 5, 5, 19, 0, '09:05:00'),
(69, 4, '2024-09-08', 17, 4, 17, 0, '05:52:00'),
(70, 7, '2024-09-09', 87, 3, 5, 0, '05:43:00'),
(71, 7, '2024-07-29', 86, 5, 29, 0, '12:12:00'),
(72, 5, '2024-09-22', 43, 3, 16, 0, '03:32:00'),
(73, 3, '2024-07-03', 69, 3, 28, 0, '12:21:00'),
(74, 3, '2024-08-08', 62, 4, 25, 0, '05:48:00'),
(75, 6, '2024-08-07', 22, 5, 13, 0, '09:34:00'),
(76, 1, '2024-08-02', 23, 2, 5, 0, '01:03:00'),
(77, 1, '2024-09-03', 26, 5, 0, 0, '10:07:00'),
(78, 4, '2024-07-18', 36, 5, 8, 0, '03:13:00'),
(79, 1, '2024-09-17', 49, 4, 7, 0, '12:46:00'),
(80, 3, '2024-09-20', 81, 3, 29, 0, '02:18:00'),
(81, 6, '2024-08-18', 65, 2, 11, 0, '04:58:00'),
(82, 7, '2024-08-01', 91, 1, 0, 0, '03:31:00'),
(83, 6, '2024-09-18', 62, 2, 13, 0, '03:32:00'),
(84, 7, '2024-07-12', 45, 3, 25, 0, '02:42:00'),
(85, 3, '2024-07-26', 79, 5, 0, 0, '02:36:00'),
(86, 4, '2024-07-17', 76, 5, 13, 0, '04:02:00'),
(87, 5, '2024-07-11', 45, 3, 23, 0, '02:52:00'),
(88, 2, '2024-09-28', 87, 4, 0, 0, '11:17:00'),
(89, 4, '2024-07-08', 46, 4, 7, 0, '05:09:00'),
(90, 1, '2024-08-26', 49, 3, 24, 0, '06:52:00'),
(91, 6, '2024-08-20', 26, 4, 19, 0, '04:01:00'),
(92, 3, '2024-08-11', 25, 1, 13, 0, '01:45:00'),
(93, 5, '2024-07-21', 83, 3, 23, 0, '05:44:00'),
(94, 7, '2024-08-14', 52, 4, 0, 0, '03:31:00'),
(95, 6, '2024-09-13', 64, 2, 30, 0, '12:26:00'),
(96, 2, '2024-09-14', 4, 5, 6, 0, '10:25:00'),
(97, 2, '2024-07-30', 48, 2, 29, 0, '04:31:00'),
(98, 4, '2024-09-23', 50, 5, 0, 0, '02:56:00'),
(99, 5, '2024-08-30', 34, 1, 25, 0, '02:26:00'),
(100, 8, '2024-09-18', 96, 3, 0, 0, '04:33:00'),
(101, 5, '2024-07-22', 65, 5, 30, 0, '06:26:00'),
(102, 1, '2024-08-09', 56, 1, 20, 0, '12:10:00'),
(103, 7, '2024-07-22', 27, 3, 20, 0, '11:26:00'),
(104, 8, '2024-08-05', 47, 4, 6, 0, '10:48:00'),
(105, 1, '2024-07-21', 17, 5, 0, 0, '03:45:00'),
(106, 4, '2024-07-31', 84, 4, 24, 0, '11:23:00'),
(107, 7, '2024-08-13', 92, 3, 16, 0, '06:21:00'),
(108, 4, '2024-09-16', 69, 2, 22, 0, '09:35:00'),
(109, 8, '2024-07-02', 63, 1, 16, 0, '06:19:00'),
(110, 7, '2024-09-26', 11, 3, 16, 0, '08:48:00'),
(111, 8, '2024-08-27', 23, 3, 30, 0, '10:17:00'),
(112, 5, '2024-08-21', 94, 1, 17, 0, '09:39:00'),
(113, 2, '2024-07-04', 87, 1, 0, 0, '03:22:00'),
(114, 6, '2024-07-02', 14, 5, 17, 0, '01:49:00'),
(115, 4, '2024-07-05', 8, 2, 0, 0, '04:02:00'),
(116, 4, '2024-07-15', 75, 4, 24, 0, '01:08:00'),
(117, 4, '2024-07-24', 90, 3, 16, 0, '12:02:00'),
(118, 2, '2024-09-05', 43, 2, 18, 0, '09:39:00'),
(119, 6, '2024-08-25', 53, 5, 26, 0, '04:42:00'),
(120, 1, '2024-09-19', 41, 1, 27, 0, '06:37:00'),
(121, 4, '2024-07-28', 6, 5, 20, 0, '09:47:00'),
(122, 7, '2024-09-05', 62, 4, 5, 0, '11:00:00'),
(123, 8, '2024-09-21', 73, 4, 23, 0, '03:34:00'),
(124, 8, '2024-07-06', 86, 2, 0, 0, '07:02:00'),
(125, 1, '2024-09-16', 78, 5, 0, 0, '03:55:00'),
(126, 1, '2024-09-25', 8, 2, 0, 0, '12:31:00'),
(127, 8, '2024-08-07', 66, 4, 0, 0, '06:50:00'),
(128, 5, '2024-08-01', 31, 4, 15, 0, '12:08:00'),
(129, 6, '2024-08-14', 98, 2, 26, 0, '05:24:00'),
(130, 3, '2024-07-29', 93, 2, 0, 0, '03:17:00'),
(131, 5, '2024-08-13', 92, 2, 15, 0, '07:49:00'),
(132, 2, '2024-07-10', 73, 5, 0, 0, '05:02:00'),
(133, 5, '2024-08-19', 66, 3, 6, 0, '12:27:00'),
(134, 3, '2024-07-16', 73, 5, 0, 0, '12:19:00'),
(135, 3, '2024-07-09', 24, 4, 14, 0, '09:56:00'),
(136, 5, '2024-07-04', 67, 4, 10, 0, '07:31:00'),
(137, 6, '2024-08-03', 54, 1, 5, 0, '09:51:00'),
(138, 1, '2024-08-09', 48, 1, 8, 0, '03:20:00'),
(139, 8, '2024-08-04', 41, 2, 19, 0, '11:35:00'),
(140, 5, '2024-08-03', 59, 5, 15, 0, '06:00:00'),
(141, 7, '2024-09-23', 96, 3, 27, 0, '04:23:00'),
(142, 7, '2024-07-02', 41, 1, 0, 0, '12:07:00'),
(143, 2, '2024-09-18', 81, 3, 0, 0, '10:32:00'),
(144, 3, '2024-09-01', 61, 5, 30, 0, '10:17:00'),
(145, 2, '2024-09-25', 98, 4, 13, 0, '04:59:00'),
(146, 7, '2024-09-20', 6, 5, 0, 0, '09:09:00'),
(147, 2, '2024-09-19', 8, 2, 21, 0, '04:56:00'),
(148, 4, '2024-07-25', 96, 3, 10, 0, '12:42:00'),
(149, 1, '2024-08-21', 53, 5, 20, 0, '02:18:00'),
(150, 1, '2024-08-25', 11, 2, 22, 0, '02:25:00'),
(151, 4, '2024-08-04', 42, 3, 22, 0, '07:13:00'),
(152, 8, '2024-07-17', 24, 2, 27, 0, '12:59:00'),
(153, 5, '2024-07-07', 59, 4, 0, 0, '01:28:00'),
(154, 3, '2024-07-15', 31, 4, 10, 0, '10:16:00'),
(155, 6, '2024-07-02', 45, 4, 0, 0, '04:05:00'),
(156, 8, '2024-07-27', 52, 3, 0, 0, '02:59:00'),
(157, 2, '2024-07-23', 97, 2, 24, 0, '08:30:00'),
(158, 6, '2024-07-22', 98, 5, 29, 0, '12:24:00'),
(159, 2, '2024-07-14', 47, 3, 16, 0, '06:19:00'),
(160, 1, '2024-09-08', 5, 2, 7, 0, '11:38:00'),
(161, 1, '2024-07-11', 41, 5, 6, 0, '06:27:00'),
(162, 2, '2024-09-18', 11, 5, 8, 0, '08:11:00'),
(163, 7, '2024-07-25', 29, 1, 27, 0, '01:58:00'),
(164, 8, '2024-07-11', 82, 1, 0, 0, '07:35:00'),
(165, 3, '2024-08-11', 60, 1, 27, 0, '02:07:00'),
(166, 4, '2024-09-18', 95, 1, 0, 0, '02:33:00'),
(167, 3, '2024-08-17', 21, 3, 6, 0, '05:34:00'),
(168, 5, '2024-07-25', 41, 2, 21, 0, '06:11:00'),
(169, 1, '2024-09-01', 62, 4, 22, 0, '04:48:00'),
(170, 1, '2024-07-29', 2, 1, 28, 0, '10:40:00'),
(171, 5, '2024-09-16', 28, 1, 13, 0, '10:47:00'),
(172, 2, '2024-07-16', 89, 4, 30, 0, '03:25:00'),
(173, 6, '2024-08-13', 42, 2, 27, 0, '07:40:00'),
(174, 6, '2024-08-07', 93, 3, 8, 0, '08:03:00'),
(175, 6, '2024-07-18', 44, 1, 8, 0, '08:23:00'),
(176, 5, '2024-08-30', 14, 3, 6, 0, '11:13:00'),
(177, 2, '2024-09-12', 66, 2, 17, 0, '07:21:00'),
(178, 7, '2024-08-28', 15, 2, 0, 0, '01:34:00'),
(179, 1, '2024-07-22', 51, 4, 8, 0, '07:02:00'),
(180, 6, '2024-09-22', 66, 3, 10, 0, '08:03:00'),
(181, 3, '2024-08-28', 65, 3, 27, 0, '04:36:00'),
(182, 1, '2024-09-18', 91, 3, 23, 0, '03:49:00'),
(183, 6, '2024-07-31', 53, 1, 20, 0, '03:23:00'),
(184, 1, '2024-08-14', 43, 1, 25, 0, '10:13:00'),
(185, 8, '2024-08-30', 13, 1, 5, 0, '08:21:00'),
(186, 2, '2024-08-16', 42, 3, 13, 0, '08:10:00'),
(187, 8, '2024-07-05', 69, 1, 0, 0, '08:27:00'),
(188, 7, '2024-08-27', 35, 1, 11, 0, '10:58:00'),
(189, 4, '2024-09-06', 93, 4, 16, 0, '08:39:00'),
(190, 5, '2024-07-12', 19, 3, 0, 0, '01:27:00'),
(191, 6, '2024-07-12', 14, 1, 17, 0, '02:16:00'),
(192, 5, '2024-09-06', 88, 4, 10, 0, '11:26:00'),
(193, 5, '2024-08-28', 43, 5, 19, 0, '08:54:00'),
(194, 6, '2024-09-25', 37, 5, 20, 0, '09:38:00'),
(195, 5, '2024-08-19', 76, 4, 12, 0, '09:49:00'),
(196, 6, '2024-09-27', 55, 3, 22, 0, '06:57:00'),
(197, 6, '2024-08-16', 27, 5, 30, 0, '07:01:00'),
(198, 6, '2024-08-18', 13, 3, 24, 0, '11:22:00'),
(199, 7, '2024-07-21', 97, 2, 27, 0, '01:36:00'),
(200, 1, '2024-07-07', 11, 1, 13, 0, '11:43:00'),
(201, 1, '2024-08-12', 27, 3, 21, 0, '11:34:00'),
(202, 3, '2024-08-13', 78, 2, 18, 0, '04:02:00'),
(203, 1, '2024-08-09', 22, 5, 12, 0, '10:49:00'),
(204, 1, '2024-09-06', 13, 2, 25, 0, '06:11:00'),
(205, 1, '2024-09-05', 31, 3, 14, 0, '12:37:00'),
(206, 3, '2024-07-07', 46, 3, 14, 0, '04:58:00'),
(207, 2, '2024-07-23', 74, 3, 27, 0, '12:58:00'),
(208, 7, '2024-07-01', 5, 1, 17, 0, '03:05:00'),
(209, 2, '2024-08-23', 64, 4, 0, 0, '07:18:00'),
(210, 3, '2024-08-27', 90, 4, 18, 0, '12:27:00'),
(211, 2, '2024-09-23', 66, 5, 30, 0, '08:24:00'),
(212, 2, '2024-07-24', 77, 3, 22, 0, '02:34:00'),
(213, 6, '2024-07-27', 13, 1, 26, 0, '03:38:00'),
(214, 4, '2024-08-29', 97, 1, 6, 0, '02:53:00'),
(215, 4, '2024-08-29', 69, 1, 0, 0, '03:31:00'),
(216, 5, '2024-08-31', 81, 5, 0, 0, '04:15:00'),
(217, 4, '2024-09-16', 47, 4, 6, 0, '04:49:00'),
(218, 5, '2024-07-04', 65, 5, 16, 0, '10:35:00'),
(219, 7, '2024-07-21', 37, 1, 6, 0, '01:08:00'),
(220, 5, '2024-07-07', 2, 1, 27, 0, '10:14:00'),
(221, 1, '2024-07-21', 100, 1, 7, 0, '12:26:00'),
(222, 4, '2024-08-04', 67, 2, 11, 0, '04:30:00'),
(223, 5, '2024-08-06', 82, 5, 14, 0, '09:31:00'),
(224, 7, '2024-07-03', 42, 2, 17, 0, '06:49:00'),
(225, 6, '2024-08-23', 68, 1, 0, 0, '01:45:00'),
(226, 8, '2024-07-09', 44, 2, 7, 0, '01:49:00'),
(227, 5, '2024-08-14', 33, 3, 29, 0, '11:49:00'),
(228, 8, '2024-08-30', 32, 1, 5, 0, '01:26:00'),
(229, 5, '2024-09-14', 5, 1, 25, 0, '04:31:00'),
(230, 7, '2024-07-27', 76, 4, 0, 0, '12:13:00'),
(231, 7, '2024-09-27', 60, 3, 0, 0, '11:33:00'),
(232, 4, '2024-09-06', 15, 5, 16, 0, '06:58:00'),
(233, 4, '2024-09-08', 44, 4, 11, 0, '03:01:00'),
(234, 3, '2024-08-03', 55, 3, 11, 0, '04:55:00'),
(235, 8, '2024-08-31', 50, 4, 18, 0, '06:06:00'),
(236, 5, '2024-09-03', 84, 1, 0, 0, '07:56:00'),
(237, 6, '2024-08-31', 28, 2, 19, 0, '06:54:00'),
(238, 3, '2024-07-10', 15, 5, 10, 0, '05:47:00'),
(239, 1, '2024-08-12', 92, 3, 10, 0, '10:04:00'),
(240, 6, '2024-08-02', 88, 5, 7, 0, '04:28:00'),
(241, 8, '2024-09-13', 75, 5, 17, 0, '03:21:00'),
(242, 8, '2024-08-01', 60, 2, 9, 0, '01:51:00'),
(243, 6, '2024-09-09', 28, 1, 6, 0, '12:44:00'),
(244, 5, '2024-08-20', 48, 5, 21, 0, '03:18:00'),
(245, 4, '2024-07-02', 48, 3, 13, 0, '03:34:00'),
(246, 1, '2024-09-27', 72, 5, 5, 0, '01:23:00'),
(247, 3, '2024-08-18', 79, 4, 0, 0, '02:27:00'),
(248, 6, '2024-07-25', 6, 5, 29, 0, '01:58:00'),
(249, 2, '2024-08-11', 10, 5, 18, 0, '10:07:00'),
(250, 6, '2024-08-15', 52, 2, 21, 0, '02:48:00'),
(251, 6, '2024-08-30', 70, 2, 21, 0, '08:43:00'),
(252, 8, '2024-07-18', 83, 4, 0, 0, '10:41:00'),
(253, 4, '2024-07-04', 18, 2, 23, 0, '01:40:00'),
(254, 2, '2024-07-16', 41, 4, 23, 0, '07:56:00'),
(255, 8, '2024-07-03', 31, 4, 0, 0, '12:27:00'),
(256, 6, '2024-09-16', 63, 2, 22, 0, '11:26:00'),
(257, 2, '2024-09-22', 51, 1, 0, 0, '04:42:00'),
(258, 4, '2024-07-11', 100, 1, 0, 0, '10:17:00'),
(259, 8, '2024-08-12', 33, 5, 0, 0, '02:51:00'),
(260, 8, '2024-08-25', 50, 4, 0, 0, '10:22:00'),
(261, 2, '2024-07-05', 20, 2, 21, 0, '06:37:00'),
(262, 8, '2024-07-14', 23, 1, 5, 0, '02:45:00'),
(263, 3, '2024-09-02', 73, 5, 13, 0, '07:21:00'),
(264, 3, '2024-08-01', 18, 1, 0, 0, '08:37:00'),
(265, 4, '2024-09-18', 42, 5, 17, 0, '01:49:00'),
(266, 2, '2024-07-12', 37, 4, 30, 0, '12:45:00'),
(267, 3, '2024-08-13', 76, 5, 20, 0, '10:50:00'),
(268, 3, '2024-08-16', 86, 4, 0, 0, '01:46:00'),
(269, 1, '2024-09-27', 65, 4, 23, 0, '11:02:00'),
(270, 1, '2024-09-29', 38, 5, 0, 0, '06:56:00'),
(271, 3, '2024-08-20', 98, 1, 30, 0, '03:21:00'),
(272, 1, '2024-07-31', 8, 5, 0, 0, '07:52:00'),
(273, 5, '2024-08-29', 90, 3, 28, 0, '07:46:00'),
(274, 3, '2024-08-04', 65, 5, 10, 0, '10:13:00'),
(275, 5, '2024-09-07', 28, 5, 9, 0, '06:02:00'),
(276, 2, '2024-07-24', 58, 4, 24, 0, '11:31:00'),
(277, 3, '2024-08-09', 43, 2, 18, 0, '10:14:00'),
(278, 3, '2024-08-17', 18, 4, 0, 0, '09:09:00'),
(279, 5, '2024-09-21', 7, 4, 9, 0, '07:44:00'),
(280, 7, '2024-08-12', 49, 3, 17, 0, '06:53:00'),
(281, 2, '2024-07-25', 81, 5, 13, 0, '09:19:00'),
(282, 8, '2024-08-28', 38, 4, 24, 0, '02:42:00'),
(283, 1, '2024-08-08', 75, 1, 7, 0, '12:30:00'),
(284, 5, '2024-09-17', 50, 5, 5, 0, '12:34:00'),
(285, 2, '2024-09-05', 10, 4, 0, 0, '06:20:00'),
(286, 5, '2024-07-08', 98, 3, 0, 0, '12:04:00'),
(287, 3, '2024-07-21', 89, 1, 7, 0, '08:20:00'),
(288, 8, '2024-08-25', 81, 1, 24, 0, '03:00:00'),
(289, 3, '2024-09-27', 54, 3, 29, 0, '10:20:00'),
(290, 3, '2024-08-18', 10, 1, 0, 0, '12:11:00'),
(291, 2, '2024-08-30', 5, 4, 5, 0, '09:40:00'),
(292, 1, '2024-07-30', 58, 3, 6, 0, '08:07:00'),
(293, 5, '2024-07-03', 72, 4, 10, 0, '07:43:00'),
(294, 2, '2024-08-27', 87, 5, 5, 0, '12:25:00'),
(295, 1, '2024-09-25', 78, 2, 13, 0, '01:58:00'),
(296, 2, '2024-09-22', 99, 1, 0, 0, '08:40:00'),
(297, 5, '2024-08-02', 27, 2, 14, 0, '12:59:00'),
(298, 7, '2024-08-26', 80, 3, 6, 0, '12:44:00'),
(299, 7, '2024-08-19', 22, 3, 8, 0, '04:11:00'),
(300, 2, '2024-09-10', 57, 3, 11, 0, '11:04:00'),
(301, 6, '2024-08-04', 3, 3, 25, 0, '02:07:00'),
(302, 1, '2024-08-23', 2, 3, 10, 0, '08:43:00'),
(303, 3, '2024-08-06', 70, 2, 13, 0, '10:55:00'),
(304, 1, '2024-07-31', 29, 4, 0, 0, '07:03:00'),
(305, 6, '2024-07-03', 100, 2, 0, 0, '06:40:00'),
(306, 2, '2024-08-26', 52, 4, 0, 0, '09:30:00'),
(307, 3, '2024-08-16', 6, 2, 24, 0, '06:23:00'),
(308, 4, '2024-08-12', 67, 2, 14, 0, '11:46:00'),
(309, 1, '2024-09-04', 37, 3, 0, 0, '06:20:00'),
(310, 2, '2024-09-29', 29, 5, 12, 0, '07:27:00'),
(311, 1, '2024-08-07', 81, 3, 13, 0, '10:17:00'),
(312, 3, '2024-08-13', 20, 3, 27, 0, '12:06:00'),
(313, 8, '2024-07-11', 5, 3, 14, 0, '09:56:00'),
(314, 6, '2024-08-20', 63, 4, 16, 0, '03:00:00'),
(315, 8, '2024-07-06', 2, 3, 13, 0, '12:37:00'),
(316, 1, '2024-09-26', 17, 3, 0, 0, '03:15:00'),
(317, 1, '2024-09-07', 36, 3, 24, 0, '04:37:00'),
(318, 3, '2024-09-12', 13, 4, 20, 0, '02:31:00'),
(319, 2, '2024-08-26', 44, 4, 0, 0, '12:53:00'),
(320, 3, '2024-08-03', 35, 1, 0, 0, '06:02:00'),
(321, 7, '2024-09-24', 37, 5, 11, 0, '08:18:00'),
(322, 1, '2024-08-27', 35, 2, 12, 0, '10:24:00'),
(323, 8, '2024-08-06', 91, 4, 13, 0, '06:08:00'),
(324, 8, '2024-07-10', 47, 3, 25, 0, '04:43:00'),
(325, 1, '2024-08-20', 77, 3, 8, 0, '06:28:00'),
(326, 8, '2024-08-25', 76, 3, 18, 0, '10:32:00'),
(327, 5, '2024-09-26', 67, 5, 0, 0, '08:35:00'),
(328, 4, '2024-08-16', 62, 4, 9, 0, '02:02:00'),
(329, 6, '2024-08-13', 11, 1, 30, 0, '04:58:00'),
(330, 4, '2024-07-25', 45, 2, 8, 0, '09:26:00'),
(331, 5, '2024-07-12', 60, 2, 12, 0, '08:36:00'),
(332, 8, '2024-09-29', 51, 3, 26, 0, '06:11:00'),
(333, 2, '2024-09-11', 57, 5, 26, 0, '10:13:00'),
(334, 3, '2024-08-17', 44, 3, 13, 0, '12:26:00'),
(335, 8, '2024-07-07', 9, 5, 15, 0, '02:40:00'),
(336, 6, '2024-07-22', 10, 4, 12, 0, '12:49:00'),
(337, 7, '2024-08-09', 82, 4, 11, 0, '05:35:00'),
(338, 7, '2024-07-29', 16, 3, 19, 0, '04:29:00'),
(339, 7, '2024-07-24', 79, 4, 28, 0, '09:30:00'),
(340, 7, '2024-09-27', 59, 5, 14, 0, '10:09:00'),
(341, 5, '2024-07-01', 16, 4, 7, 0, '04:44:00'),
(342, 5, '2024-07-28', 24, 1, 7, 0, '07:48:00'),
(343, 4, '2024-09-01', 51, 4, 0, 0, '03:20:00'),
(344, 3, '2024-07-25', 11, 1, 6, 0, '11:43:00'),
(345, 6, '2024-07-19', 76, 3, 8, 0, '09:42:00'),
(346, 8, '2024-07-05', 53, 2, 7, 0, '04:55:00'),
(347, 7, '2024-07-05', 73, 4, 23, 0, '12:10:00'),
(348, 1, '2024-09-10', 54, 3, 0, 0, '03:32:00'),
(349, 7, '2024-09-25', 26, 5, 29, 0, '08:38:00'),
(350, 3, '2024-08-23', 54, 5, 18, 0, '05:21:00'),
(351, 6, '2024-07-23', 4, 1, 10, 0, '06:30:00'),
(352, 3, '2024-08-29', 62, 3, 6, 0, '09:40:00'),
(353, 3, '2024-09-02', 54, 3, 0, 0, '01:32:00'),
(354, 2, '2024-07-22', 72, 3, 15, 0, '01:26:00'),
(355, 3, '2024-08-19', 88, 1, 16, 0, '09:55:00'),
(356, 1, '2024-09-29', 40, 5, 8, 0, '12:08:00'),
(357, 4, '2024-07-11', 94, 4, 22, 0, '06:09:00'),
(358, 6, '2024-07-17', 91, 3, 19, 0, '03:03:00'),
(359, 2, '2024-07-10', 33, 2, 0, 0, '09:08:00'),
(360, 8, '2024-08-11', 26, 2, 30, 0, '10:56:00'),
(361, 2, '2024-07-10', 100, 1, 0, 0, '04:08:00'),
(362, 6, '2024-09-01', 87, 5, 21, 0, '03:12:00'),
(363, 7, '2024-08-22', 15, 3, 17, 0, '08:48:00'),
(364, 8, '2024-08-13', 27, 1, 6, 0, '11:45:00'),
(365, 5, '2024-08-07', 67, 3, 16, 0, '07:01:00'),
(366, 2, '2024-09-11', 56, 5, 22, 0, '12:49:00'),
(367, 4, '2024-07-17', 8, 5, 0, 0, '12:18:00'),
(368, 2, '2024-07-19', 87, 5, 18, 0, '12:15:00'),
(369, 3, '2024-07-30', 32, 2, 24, 0, '07:49:00'),
(370, 4, '2024-07-15', 72, 4, 30, 0, '03:35:00'),
(371, 6, '2024-08-25', 84, 5, 8, 0, '09:26:00'),
(372, 5, '2024-07-20', 67, 3, 0, 0, '12:41:00'),
(373, 5, '2024-09-04', 11, 4, 14, 0, '05:02:00'),
(374, 8, '2024-07-06', 79, 3, 5, 0, '10:39:00'),
(375, 2, '2024-08-14', 74, 2, 17, 0, '09:41:00'),
(376, 6, '2024-07-18', 65, 1, 10, 0, '08:10:00'),
(377, 4, '2024-07-29', 13, 5, 0, 0, '09:49:00'),
(378, 8, '2024-09-29', 50, 1, 0, 0, '02:52:00'),
(379, 2, '2024-09-08', 11, 2, 20, 0, '04:26:00'),
(380, 5, '2024-07-06', 13, 3, 28, 0, '09:07:00'),
(381, 1, '2024-07-04', 16, 4, 9, 0, '02:08:00'),
(382, 2, '2024-09-07', 76, 2, 5, 0, '01:18:00'),
(383, 5, '2024-08-22', 65, 5, 5, 0, '02:07:00'),
(384, 4, '2024-07-03', 23, 1, 0, 0, '10:02:00'),
(385, 3, '2024-07-23', 98, 4, 24, 0, '12:27:00'),
(386, 4, '2024-08-07', 6, 1, 0, 0, '12:03:00'),
(387, 4, '2024-07-28', 63, 5, 0, 0, '02:25:00'),
(388, 3, '2024-09-27', 78, 2, 11, 0, '02:09:00'),
(389, 2, '2024-07-20', 92, 1, 24, 0, '06:24:00'),
(390, 2, '2024-07-13', 17, 2, 0, 0, '12:15:00'),
(391, 3, '2024-09-25', 68, 3, 0, 0, '07:30:00'),
(392, 1, '2024-08-25', 97, 4, 19, 0, '12:44:00'),
(393, 8, '2024-09-26', 26, 2, 20, 0, '02:41:00'),
(394, 2, '2024-08-28', 99, 4, 6, 0, '12:45:00'),
(395, 6, '2024-07-31', 84, 1, 16, 0, '08:29:00'),
(396, 1, '2024-09-21', 20, 1, 12, 0, '08:48:00'),
(397, 3, '2024-07-08', 39, 2, 22, 0, '04:46:00'),
(398, 8, '2024-09-17', 81, 3, 18, 0, '04:30:00'),
(399, 8, '2024-07-23', 16, 1, 13, 0, '09:12:00'),
(400, 6, '2024-07-07', 41, 4, 21, 0, '12:22:00'),
(401, 2, '2024-07-28', 4, 3, 26, 0, '02:37:00'),
(402, 8, '2024-09-24', 75, 5, 13, 0, '07:24:00'),
(403, 5, '2024-07-01', 28, 1, 12, 0, '01:33:00'),
(404, 3, '2024-09-13', 32, 1, 18, 0, '03:17:00'),
(405, 5, '2024-07-19', 7, 2, 8, 0, '04:15:00'),
(406, 8, '2024-07-29', 8, 4, 12, 0, '04:39:00'),
(407, 1, '2024-08-11', 83, 2, 0, 0, '08:49:00'),
(408, 1, '2024-07-28', 37, 4, 17, 0, '11:09:00'),
(409, 8, '2024-09-29', 51, 3, 22, 0, '10:47:00'),
(410, 6, '2024-09-19', 8, 2, 5, 0, '07:48:00'),
(411, 2, '2024-07-24', 79, 1, 23, 0, '03:14:00'),
(412, 5, '2024-07-31', 33, 2, 0, 0, '04:59:00'),
(413, 4, '2024-09-17', 65, 5, 21, 0, '01:34:00'),
(414, 7, '2024-08-13', 90, 2, 30, 0, '05:07:00'),
(415, 4, '2024-08-23', 60, 2, 5, 0, '02:34:00'),
(416, 3, '2024-07-06', 80, 1, 28, 0, '10:37:00'),
(417, 6, '2024-07-11', 9, 5, 14, 0, '08:57:00'),
(418, 3, '2024-07-18', 10, 5, 11, 0, '01:35:00'),
(419, 3, '2024-07-05', 10, 2, 25, 0, '04:53:00'),
(420, 8, '2024-08-13', 63, 3, 5, 0, '10:03:00'),
(421, 1, '2024-08-25', 19, 2, 30, 0, '02:21:00'),
(422, 7, '2024-07-08', 43, 2, 8, 0, '10:40:00'),
(423, 4, '2024-08-01', 48, 3, 0, 0, '05:58:00'),
(424, 8, '2024-09-19', 60, 1, 14, 0, '03:07:00'),
(425, 4, '2024-08-23', 57, 5, 0, 0, '06:04:00'),
(426, 4, '2024-07-19', 100, 4, 22, 0, '03:22:00'),
(427, 3, '2024-07-29', 12, 2, 6, 0, '07:34:00'),
(428, 2, '2024-08-28', 32, 1, 18, 0, '06:30:00'),
(429, 8, '2024-09-13', 36, 4, 5, 0, '07:11:00'),
(430, 7, '2024-07-02', 34, 4, 10, 0, '02:32:00'),
(431, 2, '2024-07-21', 62, 1, 8, 0, '01:21:00'),
(432, 3, '2024-08-10', 75, 3, 16, 0, '08:16:00'),
(433, 1, '2024-08-27', 56, 4, 25, 0, '11:42:00'),
(434, 7, '2024-08-04', 92, 5, 8, 0, '06:01:00'),
(435, 4, '2024-09-12', 16, 3, 0, 0, '06:17:00'),
(436, 8, '2024-07-09', 64, 3, 0, 0, '12:53:00'),
(437, 1, '2024-07-24', 22, 2, 5, 0, '01:25:00'),
(438, 5, '2024-08-25', 32, 1, 12, 0, '04:56:00'),
(439, 4, '2024-08-21', 49, 1, 0, 0, '10:35:00'),
(440, 1, '2024-09-05', 43, 2, 7, 0, '07:44:00'),
(441, 1, '2024-09-25', 83, 2, 6, 0, '06:53:00'),
(442, 8, '2024-08-08', 93, 4, 0, 0, '07:34:00'),
(443, 1, '2024-09-15', 66, 3, 26, 0, '09:24:00'),
(444, 6, '2024-08-06', 1, 5, 28, 0, '05:07:00'),
(445, 7, '2024-08-11', 48, 4, 20, 0, '09:49:00'),
(446, 4, '2024-09-05', 16, 2, 21, 0, '01:32:00'),
(447, 5, '2024-09-12', 87, 2, 30, 0, '02:37:00'),
(448, 5, '2024-09-19', 24, 2, 28, 0, '10:04:00'),
(449, 1, '2024-07-16', 95, 3, 19, 0, '03:46:00'),
(450, 2, '2024-07-07', 63, 1, 20, 0, '10:30:00'),
(451, 2, '2024-09-28', 46, 3, 0, 0, '04:04:00'),
(452, 6, '2024-08-16', 4, 2, 21, 0, '10:02:00'),
(453, 1, '2024-07-17', 12, 4, 20, 0, '03:36:00'),
(454, 1, '2024-07-10', 29, 1, 15, 0, '04:15:00'),
(455, 8, '2024-07-12', 50, 3, 19, 0, '05:46:00'),
(456, 3, '2024-07-04', 11, 2, 12, 0, '08:05:00'),
(457, 8, '2024-09-01', 27, 1, 0, 0, '12:22:00'),
(458, 1, '2024-08-19', 26, 4, 0, 0, '11:35:00'),
(459, 6, '2024-08-25', 6, 1, 11, 0, '10:54:00'),
(460, 7, '2024-09-01', 42, 2, 10, 0, '09:14:00'),
(461, 3, '2024-09-29', 72, 4, 7, 0, '07:29:00'),
(462, 1, '2024-09-20', 38, 3, 17, 0, '05:57:00'),
(463, 1, '2024-07-04', 44, 2, 11, 0, '02:18:00'),
(464, 3, '2024-08-24', 50, 4, 0, 0, '12:50:00'),
(465, 7, '2024-09-05', 60, 2, 0, 0, '09:06:00'),
(466, 7, '2024-09-27', 28, 2, 28, 0, '06:31:00'),
(467, 2, '2024-08-12', 92, 4, 21, 0, '01:56:00'),
(468, 1, '2024-09-06', 39, 3, 21, 0, '09:52:00'),
(469, 8, '2024-08-06', 78, 2, 5, 0, '07:42:00'),
(470, 1, '2024-07-15', 97, 2, 30, 0, '10:02:00'),
(471, 2, '2024-07-30', 51, 1, 15, 0, '01:34:00'),
(472, 1, '2024-09-13', 19, 5, 11, 0, '11:21:00'),
(473, 5, '2024-08-15', 45, 5, 27, 0, '12:51:00'),
(474, 8, '2024-09-04', 61, 2, 0, 0, '06:08:00'),
(475, 1, '2024-09-08', 24, 3, 22, 0, '10:03:00'),
(476, 7, '2024-09-01', 23, 4, 28, 0, '07:42:00'),
(477, 3, '2024-08-21', 42, 4, 25, 0, '08:30:00'),
(478, 3, '2024-09-26', 63, 4, 20, 0, '06:19:00'),
(479, 4, '2024-09-25', 37, 4, 0, 0, '02:56:00'),
(480, 4, '2024-08-26', 56, 2, 5, 0, '05:16:00'),
(481, 3, '2024-08-01', 37, 3, 10, 0, '11:03:00'),
(482, 3, '2024-09-08', 32, 1, 21, 0, '11:55:00'),
(483, 8, '2024-09-23', 6, 4, 10, 0, '03:00:00'),
(484, 7, '2024-08-25', 16, 1, 13, 0, '05:13:00'),
(485, 3, '2024-09-07', 79, 3, 8, 0, '06:51:00'),
(486, 5, '2024-09-02', 21, 4, 0, 0, '12:32:00'),
(487, 8, '2024-07-06', 87, 3, 11, 0, '09:00:00'),
(488, 3, '2024-07-20', 71, 3, 26, 0, '07:25:00'),
(489, 8, '2024-09-26', 72, 4, 7, 0, '11:56:00'),
(490, 8, '2024-09-17', 85, 4, 27, 0, '07:13:00'),
(491, 7, '2024-09-09', 25, 2, 5, 0, '06:32:00'),
(492, 5, '2024-08-01', 17, 5, 0, 0, '09:57:00'),
(493, 1, '2024-07-30', 13, 3, 10, 0, '06:55:00'),
(494, 4, '2024-07-01', 50, 1, 27, 0, '08:50:00'),
(495, 1, '2024-09-15', 31, 1, 0, 0, '04:27:00'),
(496, 7, '2024-07-20', 67, 4, 7, 0, '01:25:00'),
(497, 8, '2024-08-24', 39, 1, 24, 0, '05:16:00'),
(498, 7, '2024-07-16', 50, 5, 24, 0, '07:44:00'),
(499, 6, '2024-09-04', 23, 1, 0, 0, '11:30:00'),
(500, 4, '2024-07-25', 1, 3, 0, 0, '04:37:00'),
(501, 5, '2024-09-17', 83, 1, 0, 0, '03:05:00'),
(502, 8, '2024-08-06', 39, 2, 16, 0, '10:37:00'),
(503, 6, '2024-07-24', 44, 1, 7, 0, '02:42:00'),
(504, 6, '2024-08-03', 48, 2, 13, 0, '07:12:00'),
(505, 2, '2024-09-12', 90, 2, 26, 0, '01:53:00'),
(506, 1, '2024-07-04', 87, 3, 22, 0, '06:13:00'),
(507, 3, '2024-08-26', 32, 1, 0, 0, '12:35:00'),
(508, 5, '2024-08-27', 22, 1, 25, 0, '05:54:00'),
(509, 2, '2024-08-25', 81, 2, 6, 0, '10:39:00'),
(510, 4, '2024-09-16', 22, 5, 30, 0, '12:41:00'),
(511, 4, '2024-09-22', 3, 4, 26, 0, '10:13:00'),
(512, 3, '2024-08-23', 54, 5, 0, 0, '08:03:00'),
(513, 1, '2024-07-29', 5, 2, 13, 0, '08:31:00'),
(514, 7, '2024-09-06', 76, 1, 0, 0, '08:48:00'),
(515, 3, '2024-09-17', 99, 3, 28, 0, '06:41:00'),
(516, 1, '2024-07-07', 43, 2, 20, 0, '11:45:00'),
(517, 1, '2024-07-02', 52, 5, 0, 0, '05:54:00'),
(518, 5, '2024-09-04', 45, 5, 24, 0, '09:45:00'),
(519, 5, '2024-08-20', 69, 1, 19, 0, '02:07:00'),
(520, 7, '2024-08-11', 45, 4, 25, 0, '11:11:00'),
(521, 3, '2024-09-20', 11, 1, 18, 0, '03:20:00'),
(522, 6, '2024-08-17', 11, 2, 0, 0, '05:31:00'),
(523, 3, '2024-08-25', 83, 4, 9, 0, '10:05:00'),
(524, 8, '2024-08-18', 20, 1, 0, 0, '12:54:00'),
(525, 3, '2024-08-13', 96, 1, 27, 0, '04:10:00'),
(526, 6, '2024-07-05', 28, 4, 18, 0, '03:20:00'),
(527, 5, '2024-08-08', 94, 1, 24, 0, '11:21:00'),
(528, 4, '2024-07-12', 85, 4, 24, 0, '08:17:00'),
(529, 4, '2024-09-22', 11, 4, 10, 0, '09:16:00'),
(530, 2, '2024-07-23', 37, 2, 23, 0, '07:46:00'),
(531, 1, '2024-07-06', 12, 2, 24, 0, '12:52:00'),
(532, 2, '2024-08-07', 32, 4, 19, 0, '10:07:00'),
(533, 1, '2024-08-18', 56, 2, 15, 0, '03:24:00'),
(534, 5, '2024-08-26', 100, 3, 14, 0, '11:37:00'),
(535, 7, '2024-07-16', 55, 3, 0, 0, '05:10:00'),
(536, 3, '2024-09-15', 4, 1, 11, 0, '07:17:00'),
(537, 6, '2024-09-27', 72, 3, 5, 0, '04:29:00'),
(538, 7, '2024-08-21', 97, 3, 24, 0, '12:48:00'),
(539, 4, '2024-07-21', 87, 4, 8, 0, '01:59:00'),
(540, 5, '2024-08-16', 99, 1, 5, 0, '06:20:00'),
(541, 3, '2024-07-06', 88, 2, 10, 0, '10:38:00'),
(542, 1, '2024-08-01', 20, 3, 24, 0, '10:41:00'),
(543, 5, '2024-08-09', 3, 1, 9, 0, '02:02:00'),
(544, 3, '2024-09-01', 26, 5, 28, 0, '08:13:00'),
(545, 2, '2024-07-24', 74, 2, 0, 0, '06:51:00'),
(546, 7, '2024-08-02', 4, 4, 20, 0, '11:03:00'),
(547, 4, '2024-07-04', 18, 2, 14, 0, '04:13:00'),
(548, 7, '2024-09-22', 74, 3, 5, 0, '11:57:00'),
(549, 3, '2024-07-23', 51, 2, 21, 0, '05:56:00'),
(550, 4, '2024-09-07', 2, 1, 0, 0, '12:37:00'),
(551, 2, '2024-07-26', 87, 3, 17, 0, '03:31:00'),
(552, 4, '2024-09-29', 69, 2, 0, 0, '12:10:00'),
(553, 5, '2024-08-14', 71, 3, 9, 0, '06:52:00'),
(554, 6, '2024-07-12', 38, 1, 15, 0, '06:38:00'),
(555, 3, '2024-07-20', 80, 4, 8, 0, '11:16:00'),
(556, 3, '2024-07-17', 69, 5, 15, 0, '10:32:00'),
(557, 6, '2024-08-30', 97, 4, 0, 0, '03:32:00'),
(558, 1, '2024-09-04', 2, 4, 0, 0, '09:51:00'),
(559, 8, '2024-07-28', 85, 4, 22, 0, '03:19:00'),
(560, 5, '2024-08-14', 99, 2, 13, 0, '02:41:00'),
(561, 6, '2024-08-21', 5, 3, 17, 0, '10:00:00'),
(562, 5, '2024-07-11', 42, 3, 15, 0, '02:44:00'),
(563, 7, '2024-09-16', 13, 5, 11, 0, '04:50:00'),
(564, 6, '2024-07-26', 27, 2, 30, 0, '07:47:00'),
(565, 2, '2024-07-07', 18, 5, 5, 0, '04:46:00'),
(566, 6, '2024-08-16', 24, 5, 0, 0, '01:29:00'),
(567, 1, '2024-09-04', 57, 2, 5, 0, '05:07:00'),
(568, 1, '2024-07-03', 82, 2, 22, 0, '02:29:00'),
(569, 6, '2024-08-23', 69, 1, 0, 0, '12:20:00'),
(570, 8, '2024-08-10', 95, 1, 30, 0, '01:40:00'),
(571, 3, '2024-07-08', 31, 4, 10, 0, '08:25:00'),
(572, 1, '2024-08-25', 14, 2, 7, 0, '03:59:00'),
(573, 1, '2024-07-18', 34, 2, 0, 0, '08:20:00'),
(574, 4, '2024-07-19', 41, 4, 23, 0, '03:45:00'),
(575, 6, '2024-08-28', 88, 1, 16, 0, '03:17:00'),
(576, 5, '2024-08-20', 40, 2, 0, 0, '04:41:00'),
(577, 1, '2024-07-26', 86, 2, 6, 0, '08:58:00'),
(578, 1, '2024-09-25', 61, 2, 18, 0, '08:47:00'),
(579, 5, '2024-07-25', 89, 1, 0, 0, '08:47:00'),
(580, 7, '2024-08-25', 68, 4, 0, 0, '08:22:00'),
(581, 1, '2024-07-23', 4, 2, 28, 0, '02:02:00'),
(582, 3, '2024-08-19', 63, 5, 24, 0, '10:48:00'),
(583, 1, '2024-08-03', 64, 1, 25, 0, '11:18:00'),
(584, 5, '2024-08-09', 23, 4, 0, 0, '04:45:00'),
(585, 4, '2024-07-30', 18, 5, 26, 0, '11:55:00'),
(586, 3, '2024-09-20', 26, 5, 10, 0, '04:11:00'),
(587, 7, '2024-08-26', 71, 4, 12, 0, '01:17:00'),
(588, 6, '2024-08-26', 52, 3, 18, 0, '07:02:00'),
(589, 7, '2024-07-31', 88, 2, 23, 0, '05:38:00'),
(590, 8, '2024-08-06', 76, 1, 27, 0, '06:17:00'),
(591, 7, '2024-07-02', 69, 4, 29, 0, '09:13:00'),
(592, 6, '2024-09-26', 10, 1, 25, 0, '08:55:00'),
(593, 1, '2024-08-01', 31, 1, 9, 0, '01:43:00'),
(594, 2, '2024-07-31', 27, 3, 24, 0, '03:48:00'),
(595, 8, '2024-08-07', 59, 3, 16, 0, '07:53:00'),
(596, 7, '2024-08-09', 84, 3, 0, 0, '11:42:00'),
(597, 4, '2024-07-19', 22, 4, 17, 0, '03:12:00'),
(598, 3, '2024-09-11', 1, 5, 7, 0, '02:56:00'),
(599, 8, '2024-07-13', 41, 5, 6, 0, '08:52:00'),
(600, 5, '2024-07-22', 43, 1, 18, 0, '12:55:00'),
(601, 7, '2024-08-24', 66, 2, 12, 0, '04:12:00'),
(602, 6, '2024-09-11', 90, 4, 20, 0, '09:18:00'),
(603, 6, '2024-08-13', 88, 5, 21, 0, '10:57:00'),
(604, 7, '2024-08-13', 79, 3, 17, 0, '01:28:00'),
(605, 6, '2024-08-12', 17, 3, 0, 0, '05:20:00'),
(606, 8, '2024-07-05', 74, 4, 28, 0, '08:36:00'),
(607, 1, '2024-07-10', 30, 2, 6, 0, '06:04:00'),
(608, 7, '2024-08-13', 95, 5, 27, 0, '01:49:00'),
(609, 2, '2024-07-11', 63, 4, 16, 0, '03:17:00'),
(610, 8, '2024-09-06', 26, 2, 11, 0, '11:49:00'),
(611, 1, '2024-07-26', 70, 4, 0, 0, '08:08:00'),
(612, 5, '2024-09-09', 15, 5, 18, 0, '04:09:00'),
(613, 1, '2024-09-13', 37, 4, 5, 0, '11:54:00'),
(614, 5, '2024-08-07', 22, 3, 29, 0, '11:12:00'),
(615, 4, '2024-07-27', 58, 4, 6, 0, '09:59:00'),
(616, 6, '2024-09-05', 60, 1, 0, 0, '04:07:00'),
(617, 7, '2024-08-27', 56, 5, 0, 0, '11:31:00'),
(618, 4, '2024-07-20', 8, 3, 5, 0, '02:32:00'),
(619, 1, '2024-08-01', 19, 3, 16, 0, '03:58:00'),
(620, 7, '2024-09-28', 46, 1, 8, 0, '10:29:00'),
(621, 2, '2024-09-09', 93, 3, 11, 0, '12:09:00'),
(622, 5, '2024-09-29', 41, 5, 14, 0, '05:46:00'),
(623, 6, '2024-09-13', 30, 2, 23, 0, '10:29:00'),
(624, 8, '2024-07-06', 90, 2, 0, 0, '11:49:00'),
(625, 5, '2024-09-05', 6, 1, 0, 0, '04:46:00'),
(626, 1, '2024-09-12', 72, 4, 27, 0, '12:35:00'),
(627, 6, '2024-08-30', 94, 4, 0, 0, '11:34:00'),
(628, 4, '2024-07-05', 42, 5, 27, 0, '10:16:00'),
(629, 1, '2024-09-01', 97, 4, 16, 0, '03:29:00'),
(630, 1, '2024-09-16', 90, 3, 23, 0, '03:04:00'),
(631, 2, '2024-07-19', 50, 4, 10, 0, '10:29:00'),
(632, 1, '2024-09-03', 6, 2, 29, 0, '12:32:00'),
(633, 4, '2024-07-05', 43, 4, 7, 0, '01:30:00'),
(634, 4, '2024-07-03', 11, 5, 8, 0, '12:11:00'),
(635, 3, '2024-09-08', 81, 4, 0, 0, '02:00:00'),
(636, 3, '2024-08-10', 9, 4, 13, 0, '05:58:00'),
(637, 2, '2024-08-20', 42, 4, 0, 0, '01:15:00'),
(638, 2, '2024-07-22', 66, 3, 15, 0, '05:09:00'),
(639, 4, '2024-08-09', 10, 1, 16, 0, '04:18:00'),
(640, 5, '2024-07-04', 36, 4, 0, 0, '05:44:00'),
(641, 1, '2024-08-25', 38, 4, 7, 0, '04:01:00'),
(642, 4, '2024-07-18', 44, 2, 0, 0, '06:39:00'),
(643, 2, '2024-09-29', 5, 4, 19, 0, '07:52:00'),
(644, 6, '2024-09-06', 32, 5, 10, 0, '03:05:00'),
(645, 1, '2024-08-15', 48, 5, 29, 0, '10:03:00'),
(646, 8, '2024-07-30', 71, 4, 12, 0, '07:27:00'),
(647, 6, '2024-07-04', 30, 1, 15, 0, '10:09:00'),
(648, 2, '2024-09-24', 44, 1, 29, 0, '05:12:00'),
(649, 1, '2024-08-23', 6, 2, 17, 0, '06:23:00'),
(650, 8, '2024-09-28', 14, 1, 9, 0, '07:23:00'),
(651, 6, '2024-09-19', 72, 2, 14, 0, '07:55:00'),
(652, 4, '2024-07-16', 68, 2, 0, 0, '05:25:00'),
(653, 1, '2024-08-16', 92, 4, 24, 0, '02:05:00'),
(654, 1, '2024-09-09', 99, 1, 28, 0, '01:38:00'),
(655, 7, '2024-09-07', 38, 3, 14, 0, '08:45:00'),
(656, 4, '2024-08-21', 61, 2, 6, 0, '02:53:00'),
(657, 2, '2024-08-02', 8, 1, 0, 0, '03:54:00'),
(658, 2, '2024-09-20', 92, 5, 9, 0, '05:29:00'),
(659, 7, '2024-07-19', 98, 5, 29, 0, '05:57:00'),
(660, 1, '2024-09-06', 28, 5, 9, 0, '07:32:00'),
(661, 1, '2024-09-20', 58, 4, 13, 0, '12:26:00'),
(662, 2, '2024-08-29', 89, 3, 0, 0, '08:44:00'),
(663, 5, '2024-08-13', 89, 1, 16, 0, '06:56:00'),
(664, 8, '2024-07-29', 73, 5, 0, 0, '09:14:00'),
(665, 6, '2024-07-03', 66, 4, 6, 0, '03:13:00'),
(666, 7, '2024-08-02', 68, 1, 0, 0, '04:42:00'),
(667, 6, '2024-09-20', 82, 2, 26, 0, '10:21:00'),
(668, 8, '2024-09-13', 34, 1, 28, 0, '11:51:00'),
(669, 7, '2024-08-03', 33, 3, 0, 0, '12:07:00'),
(670, 5, '2024-09-06', 28, 2, 0, 0, '07:13:00'),
(671, 6, '2024-09-29', 36, 3, 0, 0, '08:00:00'),
(672, 1, '2024-08-12', 46, 3, 27, 0, '07:47:00'),
(673, 6, '2024-08-21', 30, 3, 6, 0, '04:52:00'),
(674, 5, '2024-09-25', 30, 2, 10, 0, '01:52:00'),
(675, 6, '2024-08-10', 73, 3, 24, 0, '10:08:00'),
(676, 3, '2024-08-28', 2, 5, 18, 0, '11:36:00'),
(677, 8, '2024-07-11', 5, 3, 16, 0, '06:42:00'),
(678, 3, '2024-07-16', 81, 3, 9, 0, '06:47:00'),
(679, 4, '2024-09-16', 93, 3, 0, 0, '08:32:00'),
(680, 3, '2024-09-01', 19, 5, 6, 0, '06:38:00'),
(681, 7, '2024-08-15', 7, 4, 20, 0, '09:45:00'),
(682, 1, '2024-07-31', 74, 5, 6, 0, '05:34:00'),
(683, 5, '2024-07-29', 93, 4, 6, 0, '02:44:00'),
(684, 4, '2024-07-07', 43, 3, 0, 0, '10:46:00'),
(685, 4, '2024-08-02', 42, 3, 27, 0, '01:12:00'),
(686, 8, '2024-08-08', 74, 2, 15, 0, '06:15:00'),
(687, 8, '2024-07-18', 2, 1, 6, 0, '01:16:00'),
(688, 3, '2024-08-26', 80, 4, 15, 0, '03:49:00'),
(689, 8, '2024-07-17', 76, 2, 20, 0, '07:18:00'),
(690, 2, '2024-08-08', 73, 4, 30, 0, '02:36:00'),
(691, 6, '2024-08-24', 30, 2, 0, 0, '08:32:00'),
(692, 8, '2024-09-01', 69, 5, 16, 0, '01:54:00'),
(693, 7, '2024-08-08', 26, 3, 11, 0, '12:38:00'),
(694, 2, '2024-09-13', 67, 1, 0, 0, '02:09:00'),
(695, 7, '2024-07-03', 38, 2, 0, 0, '06:47:00'),
(696, 4, '2024-08-27', 61, 5, 0, 0, '11:47:00'),
(697, 5, '2024-09-28', 21, 1, 21, 0, '04:12:00'),
(698, 6, '2024-08-22', 31, 4, 19, 0, '06:17:00'),
(699, 5, '2024-09-16', 68, 2, 0, 0, '09:47:00'),
(700, 2, '2024-07-24', 74, 3, 20, 0, '10:48:00'),
(701, 8, '2024-08-19', 24, 5, 0, 0, '11:28:00'),
(702, 5, '2024-08-05', 51, 5, 22, 0, '05:04:00'),
(703, 6, '2024-08-26', 49, 4, 28, 0, '06:44:00'),
(704, 5, '2024-08-15', 34, 5, 27, 0, '11:06:00'),
(705, 6, '2024-08-22', 55, 5, 0, 0, '07:16:00'),
(706, 4, '2024-09-13', 83, 3, 24, 0, '12:29:00'),
(707, 5, '2024-08-24', 20, 2, 22, 0, '10:47:00'),
(708, 2, '2024-07-28', 40, 2, 9, 0, '11:40:00'),
(709, 2, '2024-07-22', 88, 4, 20, 0, '03:33:00'),
(710, 6, '2024-08-03', 55, 2, 14, 0, '11:17:00'),
(711, 5, '2024-08-05', 31, 5, 21, 0, '08:20:00'),
(712, 7, '2024-07-26', 20, 2, 0, 0, '11:24:00'),
(713, 3, '2024-08-12', 18, 1, 15, 0, '10:49:00'),
(714, 2, '2024-09-11', 23, 3, 10, 0, '09:46:00'),
(715, 7, '2024-07-08', 67, 2, 10, 0, '06:48:00'),
(716, 7, '2024-09-19', 26, 2, 17, 0, '03:53:00'),
(717, 6, '2024-09-14', 80, 1, 0, 0, '05:39:00'),
(718, 3, '2024-07-18', 91, 2, 14, 0, '10:23:00'),
(719, 6, '2024-08-01', 8, 2, 26, 0, '04:14:00'),
(720, 8, '2024-09-13', 56, 1, 13, 0, '12:45:00'),
(721, 1, '2024-09-02', 45, 3, 6, 0, '09:38:00'),
(722, 7, '2024-09-11', 17, 4, 23, 0, '11:47:00'),
(723, 3, '2024-08-26', 73, 2, 27, 0, '06:28:00'),
(724, 5, '2024-07-04', 85, 1, 10, 0, '10:34:00'),
(725, 8, '2024-07-07', 32, 3, 0, 0, '01:14:00'),
(726, 2, '2024-08-11', 91, 5, 0, 0, '04:27:00'),
(727, 3, '2024-07-15', 63, 3, 5, 0, '11:33:00'),
(728, 7, '2024-07-28', 38, 1, 25, 0, '01:30:00'),
(729, 1, '2024-07-17', 20, 5, 16, 0, '01:21:00'),
(730, 3, '2024-07-01', 11, 5, 28, 0, '09:28:00'),
(731, 2, '2024-09-01', 97, 5, 26, 0, '01:38:00'),
(732, 4, '2024-08-28', 100, 5, 0, 0, '08:41:00'),
(733, 1, '2024-08-10', 11, 5, 15, 0, '11:10:00'),
(734, 1, '2024-08-25', 50, 4, 16, 0, '10:31:00'),
(735, 1, '2024-08-19', 59, 5, 0, 0, '03:20:00'),
(736, 7, '2024-09-20', 56, 2, 5, 0, '03:54:00'),
(737, 8, '2024-07-14', 67, 3, 20, 0, '11:19:00'),
(738, 8, '2024-09-16', 82, 1, 29, 0, '08:18:00'),
(739, 4, '2024-07-01', 19, 4, 11, 0, '07:19:00'),
(740, 3, '2024-07-09', 2, 5, 0, 0, '04:37:00'),
(741, 1, '2024-08-31', 97, 1, 19, 0, '11:16:00'),
(742, 8, '2024-07-04', 95, 2, 0, 0, '02:47:00'),
(743, 5, '2024-09-17', 21, 4, 17, 0, '09:34:00'),
(744, 1, '2024-08-14', 64, 1, 6, 0, '07:53:00'),
(745, 1, '2024-09-22', 62, 1, 9, 0, '10:11:00'),
(746, 3, '2024-08-12', 78, 2, 0, 0, '02:50:00'),
(747, 3, '2024-07-23', 28, 4, 0, 0, '09:45:00'),
(748, 7, '2024-08-26', 40, 1, 7, 0, '10:41:00'),
(749, 5, '2024-09-01', 21, 2, 25, 0, '05:20:00'),
(750, 7, '2024-07-09', 76, 1, 25, 0, '02:36:00'),
(751, 8, '2024-09-08', 37, 4, 10, 0, '01:39:00'),
(752, 7, '2024-09-09', 27, 5, 19, 0, '11:39:00'),
(753, 6, '2024-08-23', 82, 2, 6, 0, '04:06:00'),
(754, 5, '2024-09-21', 28, 5, 0, 0, '10:15:00'),
(755, 2, '2024-08-16', 17, 4, 0, 0, '11:53:00'),
(756, 8, '2024-08-15', 18, 2, 10, 0, '02:23:00'),
(757, 6, '2024-09-14', 43, 1, 21, 0, '03:33:00'),
(758, 8, '2024-08-06', 57, 5, 0, 0, '09:01:00'),
(759, 6, '2024-07-12', 78, 5, 0, 0, '03:45:00'),
(760, 6, '2024-07-08', 95, 4, 19, 0, '09:01:00'),
(761, 4, '2024-07-14', 23, 1, 0, 0, '02:35:00'),
(762, 6, '2024-07-11', 70, 1, 0, 0, '06:20:00'),
(763, 7, '2024-09-15', 69, 3, 23, 0, '05:04:00'),
(764, 8, '2024-08-15', 41, 4, 7, 0, '01:28:00'),
(765, 2, '2024-09-13', 67, 5, 19, 0, '05:16:00'),
(766, 5, '2024-07-15', 19, 2, 26, 0, '11:55:00'),
(767, 4, '2024-07-08', 86, 5, 27, 0, '10:09:00'),
(768, 2, '2024-09-20', 89, 1, 0, 0, '10:04:00'),
(769, 6, '2024-09-07', 32, 2, 7, 0, '03:15:00'),
(770, 6, '2024-07-07', 31, 3, 11, 0, '02:54:00'),
(771, 6, '2024-07-04', 63, 5, 27, 0, '05:35:00'),
(772, 7, '2024-09-11', 99, 1, 15, 0, '01:37:00'),
(773, 1, '2024-08-22', 1, 5, 5, 0, '09:20:00'),
(774, 1, '2024-07-04', 77, 3, 0, 0, '04:27:00'),
(775, 4, '2024-09-18', 72, 3, 26, 0, '08:04:00'),
(776, 4, '2024-08-08', 70, 4, 15, 0, '12:44:00'),
(777, 1, '2024-08-21', 62, 3, 25, 0, '07:40:00'),
(778, 4, '2024-07-08', 6, 2, 22, 0, '08:54:00'),
(779, 4, '2024-07-10', 26, 3, 0, 0, '01:56:00'),
(780, 5, '2024-07-01', 88, 1, 6, 0, '01:28:00'),
(781, 5, '2024-09-20', 59, 1, 0, 0, '04:12:00'),
(782, 6, '2024-09-09', 9, 3, 29, 0, '04:31:00'),
(783, 6, '2024-08-14', 80, 4, 6, 0, '09:43:00'),
(784, 3, '2024-07-10', 64, 4, 20, 0, '04:31:00'),
(785, 4, '2024-07-30', 92, 2, 18, 0, '11:10:00'),
(786, 2, '2024-09-12', 42, 3, 13, 0, '06:56:00'),
(787, 4, '2024-09-26', 30, 3, 10, 0, '10:47:00'),
(788, 4, '2024-09-01', 77, 3, 27, 0, '06:07:00'),
(789, 5, '2024-09-10', 79, 5, 0, 0, '07:17:00'),
(790, 4, '2024-09-23', 64, 2, 12, 0, '07:31:00'),
(791, 6, '2024-09-16', 57, 4, 0, 0, '05:20:00'),
(792, 4, '2024-07-23', 22, 4, 24, 0, '03:22:00'),
(793, 2, '2024-08-25', 27, 4, 0, 0, '06:44:00'),
(794, 2, '2024-09-19', 65, 5, 7, 0, '02:26:00'),
(795, 8, '2024-09-12', 99, 5, 29, 0, '06:56:00'),
(796, 3, '2024-09-29', 88, 1, 29, 0, '02:34:00'),
(797, 3, '2024-08-26', 10, 2, 15, 0, '06:06:00'),
(798, 2, '2024-07-12', 43, 5, 30, 0, '02:32:00'),
(799, 1, '2024-09-07', 7, 1, 23, 0, '03:58:00'),
(800, 1, '2024-07-12', 57, 2, 19, 0, '12:26:00'),
(801, 5, '2024-07-21', 27, 1, 0, 0, '04:24:00'),
(802, 2, '2024-09-09', 48, 3, 21, 0, '03:07:00'),
(803, 4, '2024-09-03', 75, 1, 27, 0, '02:11:00'),
(804, 2, '2024-07-07', 53, 5, 25, 0, '11:36:00'),
(805, 7, '2024-08-09', 69, 5, 0, 0, '10:57:00'),
(806, 3, '2024-08-26', 46, 3, 7, 0, '12:03:00'),
(807, 6, '2024-07-15', 38, 3, 23, 0, '11:59:00'),
(808, 5, '2024-09-21', 92, 2, 10, 0, '06:08:00'),
(809, 7, '2024-08-15', 48, 1, 13, 0, '10:56:00'),
(810, 1, '2024-07-05', 75, 4, 27, 0, '07:13:00'),
(811, 5, '2024-09-17', 76, 3, 7, 0, '12:49:00'),
(812, 6, '2024-09-07', 11, 4, 10, 0, '03:48:00'),
(813, 6, '2024-09-02', 14, 1, 7, 0, '11:55:00'),
(814, 4, '2024-08-02', 46, 3, 26, 0, '06:15:00'),
(815, 8, '2024-07-05', 84, 2, 17, 0, '06:19:00'),
(816, 4, '2024-07-15', 41, 2, 7, 0, '08:35:00'),
(817, 2, '2024-07-07', 74, 4, 15, 0, '02:13:00'),
(818, 7, '2024-09-11', 77, 3, 0, 0, '03:34:00'),
(819, 4, '2024-08-23', 65, 3, 0, 0, '12:35:00'),
(820, 1, '2024-08-23', 42, 1, 0, 0, '01:31:00'),
(821, 2, '2024-08-14', 14, 2, 18, 0, '12:18:00'),
(822, 6, '2024-07-27', 16, 3, 16, 0, '08:22:00'),
(823, 1, '2024-07-02', 47, 1, 26, 0, '08:33:00'),
(824, 6, '2024-07-04', 58, 1, 12, 0, '11:04:00'),
(825, 2, '2024-09-20', 2, 2, 25, 0, '09:26:00'),
(826, 5, '2024-09-05', 99, 1, 19, 0, '04:22:00'),
(827, 8, '2024-08-17', 93, 2, 10, 0, '03:41:00'),
(828, 7, '2024-07-28', 62, 4, 0, 0, '11:26:00'),
(829, 7, '2024-07-22', 62, 2, 27, 0, '10:58:00'),
(830, 3, '2024-09-07', 53, 4, 27, 0, '09:47:00'),
(831, 2, '2024-07-13', 95, 2, 25, 0, '11:02:00'),
(832, 4, '2024-09-10', 76, 2, 7, 0, '05:50:00'),
(833, 8, '2024-08-15', 91, 3, 18, 0, '04:39:00'),
(834, 8, '2024-07-30', 96, 3, 16, 0, '09:00:00'),
(835, 4, '2024-07-27', 35, 3, 16, 0, '03:40:00'),
(836, 2, '2024-09-19', 16, 1, 27, 0, '12:01:00'),
(837, 8, '2024-07-16', 68, 1, 29, 0, '12:50:00'),
(838, 7, '2024-08-23', 50, 2, 20, 0, '01:41:00'),
(839, 5, '2024-09-26', 32, 5, 11, 0, '11:08:00'),
(840, 4, '2024-07-18', 56, 2, 19, 0, '07:28:00'),
(841, 3, '2024-07-21', 74, 4, 26, 0, '12:57:00'),
(842, 2, '2024-08-28', 14, 1, 0, 0, '05:41:00'),
(843, 4, '2024-08-04', 64, 2, 9, 0, '08:32:00'),
(844, 6, '2024-08-04', 94, 3, 25, 0, '10:53:00'),
(845, 2, '2024-07-06', 81, 2, 20, 0, '03:56:00'),
(846, 6, '2024-09-28', 52, 5, 0, 0, '02:08:00'),
(847, 2, '2024-07-26', 22, 4, 0, 0, '07:28:00'),
(848, 3, '2024-09-21', 9, 2, 17, 0, '12:02:00'),
(849, 4, '2024-07-09', 85, 4, 15, 0, '11:15:00'),
(850, 4, '2024-08-17', 4, 4, 25, 0, '01:47:00'),
(851, 6, '2024-08-19', 87, 2, 0, 0, '02:11:00'),
(852, 2, '2024-07-31', 83, 3, 9, 0, '02:31:00'),
(853, 1, '2024-07-02', 9, 1, 7, 0, '05:25:00'),
(854, 2, '2024-08-09', 88, 5, 27, 0, '06:57:00'),
(855, 7, '2024-08-29', 72, 5, 17, 0, '11:32:00'),
(856, 3, '2024-09-22', 15, 2, 9, 0, '02:41:00'),
(857, 1, '2024-08-14', 58, 2, 0, 0, '04:01:00'),
(858, 2, '2024-09-15', 53, 3, 5, 0, '09:58:00'),
(859, 2, '2024-09-26', 73, 4, 13, 0, '01:25:00'),
(860, 4, '2024-07-12', 34, 1, 0, 0, '09:42:00'),
(861, 8, '2024-07-30', 3, 4, 0, 0, '01:05:00'),
(862, 5, '2024-07-19', 38, 1, 30, 0, '03:42:00'),
(863, 7, '2024-07-08', 88, 1, 0, 0, '07:35:00'),
(864, 3, '2024-08-07', 75, 1, 7, 0, '02:12:00'),
(865, 6, '2024-08-04', 62, 3, 14, 0, '12:53:00'),
(866, 7, '2024-07-26', 18, 4, 0, 0, '12:22:00'),
(867, 4, '2024-08-27', 18, 2, 14, 0, '11:54:00'),
(868, 5, '2024-07-01', 26, 3, 0, 0, '03:02:00'),
(869, 6, '2024-07-15', 84, 1, 7, 0, '01:09:00'),
(870, 7, '2024-08-12', 97, 1, 22, 0, '02:17:00'),
(871, 4, '2024-09-16', 10, 2, 7, 0, '08:29:00'),
(872, 6, '2024-08-25', 4, 2, 29, 0, '09:41:00'),
(873, 7, '2024-08-09', 71, 5, 28, 0, '05:49:00'),
(874, 7, '2024-09-18', 89, 3, 14, 0, '05:01:00'),
(875, 4, '2024-08-19', 38, 1, 0, 0, '10:23:00'),
(876, 8, '2024-08-02', 33, 1, 7, 0, '07:59:00'),
(877, 8, '2024-09-03', 37, 5, 16, 0, '06:21:00'),
(878, 6, '2024-09-28', 68, 5, 6, 0, '09:50:00'),
(879, 8, '2024-07-28', 14, 4, 23, 0, '05:05:00'),
(880, 6, '2024-07-19', 70, 1, 28, 0, '01:39:00'),
(881, 2, '2024-09-09', 75, 1, 7, 0, '07:24:00'),
(882, 3, '2024-09-07', 66, 1, 28, 0, '10:15:00'),
(883, 3, '2024-08-15', 88, 1, 11, 0, '03:11:00'),
(884, 5, '2024-09-22', 74, 4, 8, 0, '01:31:00'),
(885, 7, '2024-09-02', 94, 2, 14, 0, '02:16:00'),
(886, 2, '2024-07-09', 99, 4, 23, 0, '08:34:00'),
(887, 5, '2024-08-10', 66, 2, 8, 0, '10:29:00'),
(888, 8, '2024-08-22', 62, 1, 26, 0, '01:33:00'),
(889, 6, '2024-08-02', 67, 2, 5, 0, '03:54:00'),
(890, 6, '2024-09-29', 43, 1, 18, 0, '05:45:00'),
(891, 6, '2024-09-08', 97, 2, 22, 0, '06:40:00'),
(892, 1, '2024-09-09', 76, 2, 16, 0, '12:50:00'),
(893, 8, '2024-09-02', 41, 2, 12, 0, '05:53:00'),
(894, 5, '2024-08-10', 56, 3, 15, 0, '10:59:00'),
(895, 4, '2024-08-22', 17, 2, 10, 0, '08:28:00'),
(896, 5, '2024-07-26', 3, 3, 9, 0, '02:02:00'),
(897, 7, '2024-07-06', 8, 4, 28, 0, '05:51:00'),
(898, 7, '2024-07-15', 41, 3, 16, 0, '10:04:00'),
(899, 3, '2024-07-23', 56, 4, 30, 0, '07:22:00'),
(900, 2, '2024-09-14', 47, 3, 19, 0, '06:52:00'),
(901, 4, '2024-08-03', 51, 3, 8, 0, '10:59:00'),
(902, 5, '2024-09-11', 50, 3, 0, 0, '02:19:00'),
(903, 1, '2024-09-20', 4, 4, 27, 0, '05:10:00'),
(904, 6, '2024-07-09', 70, 4, 6, 0, '07:02:00'),
(905, 6, '2024-08-16', 73, 1, 0, 0, '04:29:00'),
(906, 6, '2024-09-04', 81, 4, 30, 0, '05:47:00'),
(907, 1, '2024-07-25', 21, 3, 0, 0, '07:28:00'),
(908, 7, '2024-08-09', 25, 1, 22, 0, '02:26:00'),
(909, 2, '2024-08-22', 30, 2, 0, 0, '09:54:00'),
(910, 8, '2024-08-27', 31, 5, 0, 0, '10:56:00'),
(911, 6, '2024-07-05', 34, 1, 0, 0, '01:32:00'),
(912, 5, '2024-09-10', 11, 3, 25, 0, '02:27:00'),
(913, 5, '2024-07-10', 53, 1, 29, 0, '08:01:00'),
(914, 4, '2024-07-01', 59, 2, 21, 0, '08:23:00'),
(915, 7, '2024-07-21', 100, 5, 25, 0, '09:58:00'),
(916, 6, '2024-07-10', 88, 5, 24, 0, '08:19:00'),
(917, 8, '2024-09-26', 17, 3, 0, 0, '10:20:00'),
(918, 5, '2024-09-26', 9, 4, 7, 0, '02:17:00'),
(919, 8, '2024-08-21', 92, 2, 0, 0, '05:06:00'),
(920, 5, '2024-07-04', 61, 1, 26, 0, '09:21:00'),
(921, 1, '2024-07-11', 82, 1, 8, 0, '06:12:00'),
(922, 7, '2024-09-05', 48, 1, 0, 0, '04:26:00'),
(923, 6, '2024-08-24', 62, 4, 23, 0, '02:02:00'),
(924, 6, '2024-09-04', 26, 4, 9, 0, '02:51:00'),
(925, 3, '2024-07-18', 1, 5, 25, 0, '08:56:00'),
(926, 3, '2024-09-21', 42, 4, 0, 0, '02:11:00'),
(927, 2, '2024-09-01', 10, 2, 12, 0, '12:47:00'),
(928, 3, '2024-07-12', 55, 1, 23, 0, '08:15:00'),
(929, 4, '2024-07-19', 14, 1, 18, 0, '06:08:00'),
(930, 3, '2024-09-04', 58, 2, 26, 0, '10:19:00'),
(931, 3, '2024-07-31', 4, 3, 20, 0, '01:23:00'),
(932, 1, '2024-08-31', 4, 5, 0, 0, '02:22:00'),
(933, 3, '2024-07-19', 35, 1, 0, 0, '07:19:00'),
(934, 2, '2024-07-11', 43, 3, 27, 0, '05:49:00'),
(935, 1, '2024-07-16', 28, 4, 24, 0, '05:25:00'),
(936, 8, '2024-08-08', 30, 2, 19, 0, '11:48:00'),
(937, 5, '2024-07-11', 78, 1, 8, 0, '12:06:00'),
(938, 4, '2024-09-09', 90, 5, 25, 0, '01:17:00'),
(939, 8, '2024-07-11', 94, 4, 0, 0, '03:19:00'),
(940, 1, '2024-09-22', 20, 3, 0, 0, '09:20:00'),
(941, 6, '2024-07-25', 78, 4, 27, 0, '04:42:00'),
(942, 8, '2024-08-22', 49, 1, 13, 0, '09:17:00'),
(943, 3, '2024-09-04', 48, 1, 27, 0, '01:26:00'),
(944, 7, '2024-07-03', 10, 5, 22, 0, '07:17:00'),
(945, 4, '2024-09-16', 84, 5, 5, 0, '06:20:00'),
(946, 2, '2024-08-24', 41, 1, 14, 0, '07:55:00'),
(947, 4, '2024-07-10', 56, 5, 0, 0, '11:36:00'),
(948, 3, '2024-08-03', 50, 3, 20, 0, '12:02:00'),
(949, 1, '2024-09-22', 92, 4, 0, 0, '01:00:00'),
(950, 2, '2024-08-07', 62, 4, 28, 0, '02:59:00'),
(951, 8, '2024-07-29', 66, 4, 0, 0, '06:52:00'),
(952, 2, '2024-09-10', 89, 1, 24, 0, '04:17:00'),
(953, 6, '2024-07-01', 38, 5, 7, 0, '11:35:00'),
(954, 8, '2024-08-29', 15, 3, 19, 0, '03:58:00'),
(955, 5, '2024-07-03', 56, 2, 10, 0, '07:12:00'),
(956, 2, '2024-07-12', 39, 2, 0, 0, '05:41:00'),
(957, 6, '2024-07-06', 70, 1, 26, 0, '10:43:00'),
(958, 2, '2024-08-14', 58, 4, 7, 0, '06:30:00'),
(959, 6, '2024-08-30', 35, 5, 0, 0, '07:04:00'),
(960, 8, '2024-07-31', 95, 5, 15, 0, '06:08:00'),
(961, 5, '2024-09-14', 9, 1, 29, 0, '09:14:00'),
(962, 3, '2024-08-31', 20, 4, 12, 0, '09:52:00'),
(963, 4, '2024-08-01', 11, 4, 0, 0, '08:06:00'),
(964, 2, '2024-08-07', 53, 5, 5, 0, '01:30:00'),
(965, 4, '2024-08-30', 4, 1, 6, 0, '07:46:00'),
(966, 5, '2024-07-09', 78, 3, 18, 0, '05:49:00'),
(967, 4, '2024-09-15', 23, 1, 17, 0, '12:34:00'),
(968, 3, '2024-07-18', 44, 3, 18, 0, '09:33:00'),
(969, 4, '2024-08-16', 10, 5, 17, 0, '11:44:00'),
(970, 1, '2024-09-27', 71, 1, 15, 0, '10:54:00'),
(971, 2, '2024-09-22', 71, 4, 27, 0, '01:00:00'),
(972, 5, '2024-08-06', 15, 2, 0, 0, '06:39:00'),
(973, 2, '2024-09-15', 30, 5, 25, 0, '02:30:00'),
(974, 2, '2024-07-03', 58, 3, 16, 0, '01:15:00'),
(975, 8, '2024-08-26', 99, 2, 28, 0, '11:33:00'),
(976, 3, '2024-09-15', 20, 5, 10, 0, '09:37:00'),
(977, 8, '2024-07-01', 17, 3, 0, 0, '03:48:00'),
(978, 1, '2024-08-05', 52, 3, 14, 0, '06:35:00'),
(979, 8, '2024-07-14', 84, 1, 26, 0, '07:44:00'),
(980, 1, '2024-08-27', 3, 2, 17, 0, '10:16:00'),
(981, 4, '2024-08-17', 98, 2, 26, 0, '11:02:00'),
(982, 3, '2024-08-28', 76, 1, 27, 0, '09:52:00'),
(983, 1, '2024-08-06', 18, 3, 8, 0, '12:26:00'),
(984, 4, '2024-07-24', 40, 3, 25, 0, '12:01:00'),
(985, 6, '2024-09-08', 61, 5, 18, 0, '02:00:00'),
(986, 5, '2024-09-16', 65, 2, 23, 0, '03:24:00'),
(987, 1, '2024-08-22', 55, 5, 25, 0, '08:14:00'),
(988, 2, '2024-09-16', 41, 2, 10, 0, '07:42:00'),
(989, 3, '2024-07-31', 42, 1, 6, 0, '12:44:00'),
(990, 2, '2024-09-12', 1, 5, 13, 0, '05:34:00'),
(991, 6, '2024-09-03', 22, 1, 10, 0, '06:44:00'),
(992, 3, '2024-08-09', 52, 2, 6, 0, '11:17:00'),
(993, 7, '2024-09-24', 71, 5, 15, 0, '05:59:00'),
(994, 1, '2024-08-13', 80, 3, 18, 0, '04:43:00'),
(995, 6, '2024-08-20', 13, 1, 0, 0, '04:59:00'),
(996, 4, '2024-07-17', 95, 5, 0, 0, '04:23:00'),
(997, 3, '2024-07-31', 1, 2, 21, 0, '06:01:00'),
(998, 4, '2024-08-26', 20, 4, 13, 0, '06:52:00'),
(999, 7, '2024-07-17', 14, 2, 18, 0, '05:00:00'),
(1000, 3, '2024-09-01', 98, 1, 12, 0, '02:28:00');

-- --------------------------------------------------------

--
-- Table structure for table `camera`
--

DROP TABLE IF EXISTS `camera`;
CREATE TABLE `camera` (
  `camera_id` int(11) NOT NULL,
  `user_id` int(11) NOT NULL,
  `name` varchar(25) NOT NULL,
  `area` varchar(25) NOT NULL
) ENGINE=InnoDB DEFAULT CHARSET=utf8mb4 COLLATE=utf8mb4_general_ci;

--
-- Dumping data for table `camera`
--

INSERT INTO `camera` (`camera_id`, `user_id`, `name`, `area`) VALUES
(1, 1, 'Cam 1.1', 'Floor 1'),
(2, 1, 'Cam 1.2', 'Floor 1'),
(3, 1, 'Cam 1.3', 'Floor 2'),
(4, 1, 'Cam 1.4', 'Floor 2'),
(5, 2, 'Cam 5', 'Floor 3'),
(6, 2, 'Cam 6', 'Floor 3'),
(7, 2, 'Cam 7', 'Floor 3'),
(8, 2, 'Cam 8', 'Floor 4');

-- --------------------------------------------------------

--
-- Table structure for table `user`
--

DROP TABLE IF EXISTS `user`;
CREATE TABLE `user` (
  `user_id` int(11) NOT NULL,
  `user_name` varchar(25) NOT NULL,
  `email` varchar(50) NOT NULL,
  `password` varchar(25) NOT NULL
) ENGINE=InnoDB DEFAULT CHARSET=utf8mb4 COLLATE=utf8mb4_general_ci;

--
-- Dumping data for table `user`
--

INSERT INTO `user` (`user_id`, `user_name`, `email`, `password`) VALUES
(1, 'LongNgd', 'long@gmail.com', 'long@123'),
(2, 'Minh', 'minh@gmail.com', 'minh@123');

--
-- Indexes for dumped tables
--

--
-- Indexes for table `anomaly`
--
ALTER TABLE `anomaly`
  ADD PRIMARY KEY (`anomaly_id`);

--
-- Indexes for table `camera`
--
ALTER TABLE `camera`
  ADD PRIMARY KEY (`camera_id`);

--
-- Indexes for table `user`
--
ALTER TABLE `user`
  ADD PRIMARY KEY (`user_id`);

--
-- AUTO_INCREMENT for dumped tables
--

--
-- AUTO_INCREMENT for table `anomaly`
--
ALTER TABLE `anomaly`
  MODIFY `anomaly_id` int(11) NOT NULL AUTO_INCREMENT, AUTO_INCREMENT=1001;

--
-- AUTO_INCREMENT for table `camera`
--
ALTER TABLE `camera`
  MODIFY `camera_id` int(11) NOT NULL AUTO_INCREMENT, AUTO_INCREMENT=9;

--
-- AUTO_INCREMENT for table `user`
--
ALTER TABLE `user`
  MODIFY `user_id` int(11) NOT NULL AUTO_INCREMENT, AUTO_INCREMENT=5;
COMMIT;

/*!40101 SET CHARACTER_SET_CLIENT=@OLD_CHARACTER_SET_CLIENT */;
/*!40101 SET CHARACTER_SET_RESULTS=@OLD_CHARACTER_SET_RESULTS */;
/*!40101 SET COLLATION_CONNECTION=@OLD_COLLATION_CONNECTION */;
